file	line	term	sense	confidence	proposed	context
CHANGELOG.md	55	process types	FROZEN_HISTORY	policy	(append 1.7.0 entry only)	"Service process types" (advance 004, mods 094-106) — decouples build artifact
CHANGELOG.md	56	process type	FROZEN_HISTORY	policy	(append 1.7.0 entry only)	from process type. A core service in `infra.yml` is no longer one service; it is
CHANGELOG.md	56	core service	FROZEN_HISTORY	policy	(append 1.7.0 entry only)	from process type. A core service in `infra.yml` is no longer one service; it is
CHANGELOG.md	57	process types	FROZEN_HISTORY	policy	(append 1.7.0 entry only)	a **codebase** declaring N *process types*, one image started N ways. The
CHANGELOG.md	59	process types	FROZEN_HISTORY	policy	(append 1.7.0 entry only)	a new interface relation `consumes` between core process types. Everything
CHANGELOG.md	72	process type	FROZEN_HISTORY	policy	(append 1.7.0 entry only)	non-ingress process type on both foundations. Fixed gets the usual compose
CHANGELOG.md	85	process type	FROZEN_HISTORY	policy	(append 1.7.0 entry only)	- **`consumes:` on a process type** (mod 098) — the interface half of what
CHANGELOG.md	97	core_services	FROZEN_HISTORY	policy	(append 1.7.0 entry only)	- **Four-segment core magic refs** — `${core_services.<svc>.<proc>.<part>}`
CHANGELOG.md	99	process types	FROZEN_HISTORY	policy	(append 1.7.0 entry only)	process types and there is nothing to qualify. The pattern is now
CHANGELOG.md	100	core_services	FROZEN_HISTORY	policy	(append 1.7.0 entry only)	kind-prefixed and body-agnostic, so anything beginning `${core_services.` /
CHANGELOG.md	126	process type	FROZEN_HISTORY	policy	(append 1.7.0 entry only)	round-robins and `provides.host` still means "the process type"; traefik
CHANGELOG.md	135	core_service	FROZEN_HISTORY	policy	(append 1.7.0 entry only)	- **Two OTel resource attributes** — `docex.core_service` and
CHANGELOG.md	136	process_type	FROZEN_HISTORY	policy	(append 1.7.0 entry only)	`docex.process_type`, appended to the unchanged `service.namespace` /
CHANGELOG.md	139	process type	FROZEN_HISTORY	policy	(append 1.7.0 entry only)	process type of `api`" or "every `worker` across codebases" is a prefix or
CHANGELOG.md	142	process_type	FROZEN_HISTORY	policy	(append 1.7.0 entry only)	the split the elastic tag block already uses. `docex.process_type`'s presence
CHANGELOG.md	144	process type	FROZEN_HISTORY	policy	(append 1.7.0 entry only)	process type, so a per-codebase artifact is queryable as "the `api` codebase,
CHANGELOG.md	145	process type	FROZEN_HISTORY	policy	(append 1.7.0 entry only)	no process type".
CHANGELOG.md	147	process type	FROZEN_HISTORY	policy	(append 1.7.0 entry only)	Checks`) — every long-running process type serves `GET /health` on its declared
CHANGELOG.md	155	process types	FROZEN_HISTORY	policy	(append 1.7.0 entry only)	cycle from recursing; `scheduler` process types are exempt. Because AsyncAPI has
CHANGELOG.md	161	core service	FROZEN_HISTORY	policy	(append 1.7.0 entry only)	`"2"` (21); every core service declares a non-empty `processes:` and nothing
CHANGELOG.md	163	process type	FROZEN_HISTORY	policy	(append 1.7.0 entry only)	process type declares a `command` (23); `depends_on` names only backing
CHANGELOG.md	164	process types	FROZEN_HISTORY	policy	(append 1.7.0 entry only)	services (24); `consumes` names only core process types, fully qualified, never
CHANGELOG.md	174	core_service	FROZEN_HISTORY	policy	(append 1.7.0 entry only)	per-node `consumes` list, and `core_service` / `process` beside `short`; the
CHANGELOG.md	185	process type	FROZEN_HISTORY	policy	(append 1.7.0 entry only)	entrypoint per process type, calling `build()` and never a concrete adapter
CHANGELOG.md	197	process types	FROZEN_HISTORY	policy	(append 1.7.0 entry only)	- **A core service is a codebase declaring N process types** (mod 096).
CHANGELOG.md	197	core service	FROZEN_HISTORY	policy	(append 1.7.0 entry only)	- **A core service is a codebase declaring N process types** (mod 096).
CHANGELOG.md	198	core service	FROZEN_HISTORY	policy	(append 1.7.0 entry only)	`processes:` is **required and non-empty** on every core service; there is no
CHANGELOG.md	200	process type	FROZEN_HISTORY	policy	(append 1.7.0 entry only)	`resources`, `port`, `depends_on` and `replicas` move onto the process type;
CHANGELOG.md	204	process type	FROZEN_HISTORY	policy	(append 1.7.0 entry only)	the source code, and to the process type iff it is determined by the
CHANGELOG.md	205	process-scoped	FROZEN_HISTORY	policy	(append 1.7.0 entry only)	invocation* — so role-specific fields follow `role` and are process-scoped by
CHANGELOG.md	228	domain_default_process	FROZEN_HISTORY	policy	(append 1.7.0 entry only)	must be updated. `domain_default_service` becomes **`domain_default_process`**
CHANGELOG.md	240	process type	FROZEN_HISTORY	policy	(append 1.7.0 entry only)	- **Contracts are per process type.** The path is
CHANGELOG.md	244	process types	FROZEN_HISTORY	policy	(append 1.7.0 entry only)	provider set becomes (`consumes` targets) ∪ (`web`-network process types) minus
CHANGELOG.md	262	process type	FROZEN_HISTORY	policy	(append 1.7.0 entry only)	had left all three picking one process type's container through a heuristic
CHANGELOG.md	269	process-level	FROZEN_HISTORY	policy	(append 1.7.0 entry only)	running**. **Breaking:** a *process-level* `env:` key is no longer visible to
CHANGELOG.md	276	process types	FROZEN_HISTORY	policy	(append 1.7.0 entry only)	codebase's process types. Max rather than "pick one" because a pick is not
CHANGELOG.md	284	process_type	FROZEN_HISTORY	policy	(append 1.7.0 entry only)	migrate task definition carry `service.name=api` with `docex.process_type`
CHANGELOG.md	290	process type	FROZEN_HISTORY	policy	(append 1.7.0 entry only)	- **A `scheduler` is a process type whose trigger is cron** (mod 103), not its
CHANGELOG.md	292	process type	FROZEN_HISTORY	policy	(append 1.7.0 entry only)	every sibling process type; the Ofelia container key and the INI job name are
CHANGELOG.md	294	process type	FROZEN_HISTORY	policy	(append 1.7.0 entry only)	for every process type including a cron job — any other answer means two
CHANGELOG.md	297	process type	FROZEN_HISTORY	policy	(append 1.7.0 entry only)	process type is built by `compose up --build`), and no `prod`-stage build
CHANGELOG.md	316	process type	FROZEN_HISTORY	policy	(append 1.7.0 entry only)	core process type (still the simple name for a backing service), and
CHANGELOG.md	321	process types	FROZEN_HISTORY	policy	(append 1.7.0 entry only)	- **Fixed no longer publishes host ports for non-`web` core process types.** The
CHANGELOG.md	326	core services	FROZEN_HISTORY	policy	(append 1.7.0 entry only)	- **Doctrine: "core services never share code" is re-scoped to core service
CHANGELOG.md	326	core service	FROZEN_HISTORY	policy	(append 1.7.0 entry only)	- **Doctrine: "core services never share code" is re-scoped to core service
CHANGELOG.md	327	process types	FROZEN_HISTORY	policy	(append 1.7.0 entry only)	*sources*.** Sibling process types are one codebase, so nothing is shared and
CHANGELOG.md	329	process type	FROZEN_HISTORY	policy	(append 1.7.0 entry only)	answer is a process type, not a second core service. Composition-root
CHANGELOG.md	329	core service	FROZEN_HISTORY	policy	(append 1.7.0 entry only)	answer is a process type, not a second core service. Composition-root
CHANGELOG.md	333	process type	FROZEN_HISTORY	policy	(append 1.7.0 entry only)	adapter for every mechanism regardless of which process type is running, which
CHANGELOG.md	345	primary_process	FROZEN_HISTORY	policy	(append 1.7.0 entry only)	(mod 099): `primary_process()`, `compose_service_key()`, and both copies of the
CHANGELOG.md	361	ProcessType	FROZEN_HISTORY	policy	(append 1.7.0 entry only)	`ProcessType.consumes_refs()` so the dots-for-reference rule lives in exactly
CHANGELOG.md	388	process type	FROZEN_HISTORY	policy	(append 1.7.0 entry only)	every core process type declaring a `consumes` target whose endpoint is new in
CHANGELOG.md	396	process type	FROZEN_HISTORY	policy	(append 1.7.0 entry only)	no process type registers nothing, so ordinary image-tag releases pay one extra
CHANGELOG.md	401	process type	FROZEN_HISTORY	policy	(append 1.7.0 entry only)	- **The elastic HCL emitter never emitted a process type's `command`** (mod 108,
CHANGELOG.md	405	process types	FROZEN_HISTORY	policy	(append 1.7.0 entry only)	serves N process types, at most one could be correct. This inverted
CHANGELOG.md	406	Core Service	FROZEN_HISTORY	policy	(append 1.7.0 entry only)	[`infrastructure.md § Core Service Containers`](./doctrine/infrastructure/infrastructure.md#core-service-containers),
CHANGELOG.md	407	process type	FROZEN_HISTORY	policy	(append 1.7.0 entry only)	which says the `CMD` "is not used" and each process type's `command` is "what
CHANGELOG.md	416	process type	FROZEN_HISTORY	policy	(append 1.7.0 entry only)	happen to match each codebase's *first* process type, so only a **second**
CHANGELOG.md	417	process type	FROZEN_HISTORY	policy	(append 1.7.0 entry only)	process type is visibly wrong (and before CICL v2 there were none); no HCL test
CHANGELOG.md	424	process type	FROZEN_HISTORY	policy	(append 1.7.0 entry only)	`target_extras`, so no transfer table can override which process type a
CHANGELOG.md	445	process-scoped	FROZEN_HISTORY	policy	(append 1.7.0 entry only)	once the field became process-scoped it was permanently `None` and the gate
CHANGELOG.md	469	core_services	FROZEN_HISTORY	policy	(append 1.7.0 entry only)	as literal text** (mod 097). `${core_services.my-api.web.host}` matched
CHANGELOG.md	486	process type	FROZEN_HISTORY	policy	(append 1.7.0 entry only)	foundations** (mods 099, 100). A process type named `otelcol` renders
CHANGELOG.md	510	process type	FROZEN_HISTORY	policy	(append 1.7.0 entry only)	reported whichever process type sorted lowest — for a codebase with `web`,
CHANGELOG.md	515	process types	FROZEN_HISTORY	policy	(append 1.7.0 entry only)	process types by construction). The identity now de-qualifies to the codebase
CHANGELOG.md	543	process types	FROZEN_HISTORY	policy	(append 1.7.0 entry only)	The sidecar count is a **sum** over a codebase's non-`scheduler` process types
CHANGELOG.md	579	core services	FROZEN_HISTORY	policy	(append 1.7.0 entry only)	- **`config:` block on core services** (mod 078) + `cicl/categories.py`, the
CHANGELOG.md	643	core service	FROZEN_HISTORY	policy	(append 1.7.0 entry only)	`scheduler`-role core service has no exec-able container in the `test` stack
CHANGELOG.md	793	core service	FROZEN_HISTORY	policy	(append 1.7.0 entry only)	flow tests — integration tests that drive a whole core service from the
CHANGELOG.md	980	core service	FROZEN_HISTORY	policy	(append 1.7.0 entry only)	- New bundled **`scheduler` role** — a core service that runs the project's image
CHANGELOG.md	1017	core service	FROZEN_HISTORY	policy	(append 1.7.0 entry only)	core service that declares `health_check_path`, not only those on the `web`
CHANGELOG.md	1022	core service	FROZEN_HISTORY	policy	(append 1.7.0 entry only)	`infrastructure.md`'s "any core service that declares a `health_check_path`."
CHANGELOG.md	1157	core service	FROZEN_HISTORY	policy	(append 1.7.0 entry only)	partial bring-up (Gap K).** `run_up` now scans each core service's
CHANGELOG.md	1357	core_services	FROZEN_HISTORY	policy	(append 1.7.0 entry only)	Narrowed `_gate_health_endpoints` to look up `infra.core_services`
CHANGELOG.md	1748	core service	FROZEN_HISTORY	policy	(append 1.7.0 entry only)	core service gets a paired OTel Collector sidecar exporting to the
CHANGELOG.md	1843	core service	FROZEN_HISTORY	policy	(append 1.7.0 entry only)	`OTEL_RESOURCE_ATTRIBUTES` injected on every core service's env block;
CHANGELOG.md	1847	core service	FROZEN_HISTORY	policy	(append 1.7.0 entry only)	- OTel Collector sidecar emitted alongside every core service on both
CHANGELOG.md	1982	core services	FROZEN_HISTORY	policy	(append 1.7.0 entry only)	shared between core services and container-backing services;
CHANGELOG.md	1984	core services	FROZEN_HISTORY	policy	(append 1.7.0 entry only)	on schema-owning core services. Bundled engines (postgres, redis,
CHANGELOG.md	2019	core service	FROZEN_HISTORY	policy	(append 1.7.0 entry only)	- `PROJECT_VERSION` env var, doctrine-injected on every core service
CHANGELOG.md	2029	core_services	FROZEN_HISTORY	policy	(append 1.7.0 entry only)	`core_services.<svc>.env` or `.secrets` fails compile (doctrine
CHANGELOG.md	2059	core service	FROZEN_HISTORY	policy	(append 1.7.0 entry only)	- `health_check_path: /health` on a `web`-network core service now
CHANGELOG.md	2373	core service	FROZEN_HISTORY	policy	(append 1.7.0 entry only)	project zone), and one ECR repository per core service. Each env's
CHANGELOG.md	2459	core services	FROZEN_HISTORY	policy	(append 1.7.0 entry only)	any port, including 80/443. Non-web core services are unchanged.
CHANGELOG.md	2501	core service	FROZEN_HISTORY	policy	(append 1.7.0 entry only)	- **Core-service `secrets:` block.** A core service can declare bespoke,
docex/doctrine_excerpts/backing_service.md	10	core service	CB	high	codebase	The `schema_owned_by:` field on database roles (e.g. `relational_db`) names the core service that owns and migrates the schema; this is doctrine-enfor
docex/doctrine_excerpts/build_image.md	3	core service	CB	high	codebase	A docker container image built from a core service's source via `docker buildx`, tagged with the project's version, and pushed to the `container_regis
docex/doctrine_excerpts/build_image.md	3	core service	CB	high	codebase	A docker container image built from a core service's source via `docker buildx`, tagged with the project's version, and pushed to the `container_regis
docex/doctrine_excerpts/build_image.md	7	Core Service	AMBIG	mixed	codebase? or KEEP?	The image's Dockerfile must declare four canonical stages (`build`, `dev`, `prod`, `test`) — this is a strict doctrine rule, not a convention. See `in
docex/doctrine_excerpts/container_registry.md	3	core service	CB	high	codebase	Where the project's core service images are pushed (by `docex containerize`) and pulled from at release time.
docex/doctrine_excerpts/core_service.md	1	core_service	AMBIG	low	codebase? or KEEP?	# core_service
docex/doctrine_excerpts/core_service.md	7	Core services	CB	high	codebase	1. **Core services never share code.** Separation of concerns is enforced architecturally. All that ties core services together is a shared purpose, s
docex/doctrine_excerpts/core_service.md	7	core services	CB	high	codebase	1. **Core services never share code.** Separation of concerns is enforced architecturally. All that ties core services together is a shared purpose, s
docex/doctrine_excerpts/core_service.md	8	Core services	PROTECTED_NEARBY	review	codebase? or KEEP?	2. **Core services execute as stateless processes** (12-factor). Persistent state lives in backing services. A core service must be safe to terminate,
docex/doctrine_excerpts/core_service.md	8	core service	PROTECTED_NEARBY	review	codebase? or KEEP?	2. **Core services execute as stateless processes** (12-factor). Persistent state lives in backing services. A core service must be safe to terminate,
docex/doctrine_excerpts/core_service.md	10	Core services	AMBIG	low	codebase? or KEEP?	Core services declare `resources:` (CPU, memory, optional disk/GPU) in `infra.yml`; the compiler translates this to compose `deploy.resources` or Farg
docex/doctrine_excerpts/index.yml	16	core_service	IDENT	high	codebase	core_service: core_service.md
docex/doctrine_excerpts/index.yml	16	core_service	IDENT	high	codebase	core_service: core_service.md
docex/doctrine_excerpts/reverse_proxy.md	7	core services	AMBIG	low	codebase? or KEEP?	- **Elastic: AWS ALB.** One ALB per environment in the env's public subnets, listening on 443 with the project's ACM cert. Doctrine-provisioned (not d
docex/doctrine_excerpts/service_discovery.md	6	core services	AMBIG	low	codebase? or KEEP?	- **Elastic:** AWS Cloud Map + ECS Service Connect. Each environment's ECS namespace registers core services by their short name; consumers reach them
docex/doctrine_excerpts/service_discovery.md	8	core service	AMBIG	low	codebase? or KEEP?	In both cases the *connection string* a core service builds looks the same — only the resolution mechanism underneath differs.
docex/plans/advances/005_process_type_solidification/service_connect_reconcile_trigger.md	132	process type	SVC	high	core service(s)	Redeploy process type `P` iff some running task of `P` started before the
docex/plans/advances/005_process_type_solidification/uses_relation_merge.md	21	core service	AMBIG	low	codebase? or KEEP?	emits compose `depends_on` / `condition:` on core service blocks. Not
docex/plans/advances/005_process_type_solidification/uses_relation_merge.md	33	process type	SVC	high	core service(s)	does this process type talk to?* The split forces prose that exists only to
docex/plans/advances/005_process_type_solidification/uses_relation_merge.md	59	process type	SVC	high	core service(s)	when the target is a core process type, fatal when it is a backing service —
docex/plans/advances/005_process_type_solidification/uses_relation_merge.md	130	core service	AMBIG	low	codebase? or KEEP?	gate proves the schema-owning database healthy before any core service starts.
docex/plans/advances/005_process_type_solidification/uses_relation_merge.md	141	process type	SVC	high	core service(s)	- **Honest for the numerically dominant case.** A typical process type names
docex/plans/advances/005_process_type_solidification/uses_relation_merge.md	148	process type	SVC	high	core service(s)	**derived** vocabulary — "a process type that is used by another is a
docex/plans/advances/005_process_type_solidification/uses_relation_merge.md	172	process type	SVC	high	core service(s)	service* embedding a core process type's part (a CORS origin, say) survives,
docex/plans/advances/005_process_type_solidification/uses_relation_merge.md	190	process type	SVC	high	core service(s)	column: "core (process type), backing"), though nothing in the doctrine
docex/plans/advances/005_process_type_solidification/uses_relation_merge.md	194	process types	SVC	high	core service(s)	`uses` is declarable **only by core process types**. Where an engine genuinely
docex/plans/advances/005_process_type_solidification/uses_relation_merge.md	206	Process Types	SVC	high	core service(s)	the paragraph at 107; § Process Types field-scoping table; § Service Fields
docex/plans/advances/005_process_type_solidification/uses_relation_merge.md	227	core service	AMBIG	low	codebase? or KEEP?	- `telemetry_infra.md` — line 240 mentions the core service not declaring a
docex/plans/advances/005_process_type_solidification/uses_relation_merge.md	238	process type	SVC	high	core service(s)	the same process type, delete `depends_on` from backing services).
docex/plans/advances/005_process_type_solidification/uses_relation_merge.md	251	core service	AMBIG	low	codebase? or KEEP?	form (`role`, `port`, `depends_on` directly on the core service), which
docex/plans/core/compiler.md	58	ProcessType	IDENT	high	CoreService	- **`ProcessType` / `ProcessRef`** (`cicl/model.py`, mod 096) — `ProcessType` is one named way of invoking a core service's build artifact (`role`, `c
docex/plans/core/compiler.md	58	ProcessType	IDENT	high	CoreService	- **`ProcessType` / `ProcessRef`** (`cicl/model.py`, mod 096) — `ProcessType` is one named way of invoking a core service's build artifact (`role`, `c
docex/plans/core/compiler.md	58	ProcessRef	IDENT	high	ServiceRef	- **`ProcessType` / `ProcessRef`** (`cicl/model.py`, mod 096) — `ProcessType` is one named way of invoking a core service's build artifact (`role`, `c
docex/plans/core/compiler.md	58	ProcessRef	IDENT	high	ServiceRef	- **`ProcessType` / `ProcessRef`** (`cicl/model.py`, mod 096) — `ProcessType` is one named way of invoking a core service's build artifact (`role`, `c
docex/plans/core/compiler.md	58	Process Types	SVC	high	core service(s)	- **`ProcessType` / `ProcessRef`** (`cicl/model.py`, mod 096) — `ProcessType` is one named way of invoking a core service's build artifact (`role`, `c
docex/plans/core/compiler.md	58	process-types	SVC	high	core service(s)	- **`ProcessType` / `ProcessRef`** (`cicl/model.py`, mod 096) — `ProcessType` is one named way of invoking a core service's build artifact (`role`, `c
docex/plans/core/compiler.md	58	core service	CB	high	codebase	- **`ProcessType` / `ProcessRef`** (`cicl/model.py`, mod 096) — `ProcessType` is one named way of invoking a core service's build artifact (`role`, `c
docex/plans/core/compiler.md	71	process types	SVC	high	core service(s)	- **`MagicRefResolver`** — resolves a magic ref against the named service's engine `provides:` block. State (compile contexts, engines, foundation) is
docex/plans/core/compiler.md	71	process dimension	SVC	high	service dimension	- **`MagicRefResolver`** — resolves a magic ref against the named service's engine `provides:` block. State (compile contexts, engines, foundation) is
docex/plans/core/compiler.md	71	core services	AMBIG	low	codebase? or KEEP?	- **`MagicRefResolver`** — resolves a magic ref against the named service's engine `provides:` block. State (compile contexts, engines, foundation) is
docex/plans/core/compiler.md	74	core_services	AMBIG	low	codebase? or KEEP?	${core_services.<service>.<process>.<part>}     # four segments — api.web.host
docex/plans/core/compiler.md	78	process type	SVC	high	core service(s)	A core ref resolves against the **compiled** identity (`api-web`), which is what `contexts` and `engines` are keyed on. A process type may not referen
docex/plans/core/compiler.md	80	core_services	AMBIG	low	codebase? or KEEP?	- **Parse generically, then arity-check by kind** (mod 097). `_MAGIC_RE` matches *any* `${core_services.…}` / `${backing_services.…}`, whatever its bo
docex/plans/core/compiler.md	98	core service	AMBIG	low	codebase? or KEEP?	Mod 096. One core service key in `infra.yml` maps to **N** `CompiledService`
docex/plans/core/compiler.md	99	process type	SVC	high	core service(s)	objects, one per [process type](../../../doctrine/infrastructure/cicl.md#process-types) —
docex/plans/core/compiler.md	99	process-types	SVC	high	core service(s)	objects, one per [process type](../../../doctrine/infrastructure/cicl.md#process-types) —
docex/plans/core/compiler.md	103	CoreService	IDENT	high	Codebase	CoreService(api) × {web, worker, nightly_cleanup}
docex/plans/core/compiler.md	104	core_service	AMBIG	low	codebase? or KEEP?	-> CompiledService(name="api-web",    core_service="api", process="web")
docex/plans/core/compiler.md	105	core_service	AMBIG	low	codebase? or KEEP?	-> CompiledService(name="api-worker", core_service="api", process="worker")
docex/plans/core/compiler.md	124	core_service	CB	high	codebase	| image ref + the `ecr_repository_<svc>_url` remote-state output | `core_service` |
docex/plans/core/compiler.md	125	core_services	AMBIG	low	codebase? or KEEP?	| the project-tier ECR repo set (`emit_hcl_project`) | `list(infra.core_services)` |
docex/plans/core/compiler.md	126	core_service	CB	high	codebase	| `schema_owned_by` / which codebase owns migrations | `core_service` |
docex/plans/core/compiler.md	127	core_service	AMBIG	low	codebase? or KEEP?	| the `core/<svc>/` source folder — compose bind mounts and build context | `core_service` |
docex/plans/core/compiler.md	128	core_service	AMBIG	low	codebase? or KEEP?	| the migrate task-def family and address | `codebase_global_name` / `core_service` |
docex/plans/core/compiler.md	130	core_service	AMBIG	low	codebase? or KEEP?	`CompiledService` therefore carries `core_service`, `process`,
docex/plans/core/compiler.md	136	process-level	SVC	high	service-level	**excluding** any process-level `env:` overlay. The migrate task definition
docex/plans/core/compiler.md	138	process-level	SVC	high	service-level	depend only on codebase-scoped env — a process-level `DATABASE_*` would
docex/plans/core/compiler.md	139	process type	SVC	high	core service(s)	otherwise make a migration silently dependent on which process type it happened
docex/plans/core/compiler.md	149	core_service	AMBIG	low	codebase? or KEEP?	| `docex.core_service` | `api` | `api` |
docex/plans/core/compiler.md	150	process_type	SVC	high	core service(s)	| `docex.process_type` | `web` | *absent* |
docex/plans/core/compiler.md	152	process_type	SVC	high	core service(s)	So `docex.process_type` is present **iff** the emitter is a declared process
docex/plans/core/compiler.md	155	process type	SVC	high	core service(s)	and the migrate task definition the compiled identity of whichever process type
docex/plans/core/compiler.md	157	process type	SVC	high	core service(s)	and an identity that moved when an unrelated process type was renamed. Note the
docex/plans/core/compiler.md	159	process-scoped	SVC	high	service-scoped	per-codebase artifact reading a process-scoped value — and both are fixed
docex/plans/core/compiler.md	186	process type	SVC	high	core service(s)	**exactly one entry per process type** no matter what `replicas` says. Four
docex/plans/core/compiler.md	187	process type	SVC	high	core service(s)	`api.worker` replicas are one process type, one contract, one health target,
docex/plans/core/compiler.md	194	process type	SVC	high	core service(s)	one task definition per process type, as before. No `deployment_configuration`
docex/plans/core/compiler.md	230	process types	SVC	high	core service(s)	mod 096 stopped non-`web` core process types from publishing host ports and
docex/plans/core/compiler.md	238	process type	SVC	high	core service(s)	for *picking a representative* process type, because every such rule is
docex/plans/core/compiler.md	239	process types	SVC	high	core service(s)	unstable under renames of process types that have nothing to do with the
docex/plans/core/compiler.md	253	process type	SVC	high	core service(s)	process type's overlay. That is what makes *`migrate.sh`, `test.sh` and
docex/plans/core/compiler.md	255	process-level	SVC	high	service-level	than a convention: a process-level key is not discouraged there, it is absent.
docex/plans/core/compiler.md	270	process type	SVC	high	core service(s)	process type of a schema-owning codebase); the "exactly one" invariant comes
docex/plans/core/compiler.md	275	process type	SVC	high	core service(s)	the migration's size cannot move because an unrelated process type was renamed
docex/plans/core/compiler.md	294	process type	SVC	high	core service(s)	process type's policy and requires agreement rather than reading one.
docex/plans/core/compiler.md	298	process type	SVC	high	core service(s)	A `scheduler` process type has no long-running container in any env. What it
docex/plans/core/compiler.md	299	process type	SVC	high	core service(s)	emits is a **trigger**, one per process type, keyed on the two-segment identity:
docex/plans/core/compiler.md	305	process type	SVC	high	core service(s)	every sibling process type runs. `test` drops the trigger entirely (mod 073),
docex/plans/core/compiler.md	306	process type	SVC	high	core service(s)	so in `test` a scheduler process type contributes nothing at all and its
docex/plans/core/compiler.md	311	process type	SVC	high	core service(s)	**No sidecar for a `scheduler` process type.** Per-process is strictly better
docex/plans/core/compiler.md	369	process type	SVC	high	core service(s)	per process type, so `replicas: 4` renders one `api.worker`. See
docex/plans/core/compiler.md	374	process type	SVC	high	core service(s)	The compiler always joins parts with `_` internally; the policy decides what reaches the artifact. For the `web` process type of core service `api` in
docex/plans/core/compiler.md	374	core service	CB	high	codebase	The compiler always joins parts with `_` internally; the policy decides what reaches the artifact. For the `web` process type of core service `api` in
docex/plans/core/compiler.md	376	process type	SVC	high	core service(s)	1. Internal form: `docex_smoke_elastic_stage_api_web` — four segments for a core process type, three (`{project}_{env}_{service}`) for a backing servi
docex/plans/core/compiler.md	403	core service	AMBIG	low	codebase? or KEEP?	The elastic test project's `web` core service declares:
docex/plans/core/compiler.md	413	core_services	AMBIG	low	codebase? or KEEP?	2. **Resolve engine per service**. `compile_env(env="stage", foundation="elastic")` walks `infra.yml`'s `core_services` and `backing_services`. For `a
docex/plans/core/compiler.md	482	process type	SVC	high	core service(s)	- Every magic ref is matched by the edge **its kind calls for** (rule 7, kind-aware since mod 098): a ref to a **backing service** by a `depends_on` e
docex/plans/core/compiler.md	482	process type	SVC	high	core service(s)	- Every magic ref is matched by the edge **its kind calls for** (rule 7, kind-aware since mod 098): a ref to a **backing service** by a `depends_on` e
docex/plans/core/compiler.md	482	process type	SVC	high	core service(s)	- Every magic ref is matched by the edge **its kind calls for** (rule 7, kind-aware since mod 098): a ref to a **backing service** by a `depends_on` e
docex/plans/core/compiler.md	482	core service	CB	high	codebase	- Every magic ref is matched by the edge **its kind calls for** (rule 7, kind-aware since mod 098): a ref to a **backing service** by a `depends_on` e
docex/plans/core/compiler.md	485	process type	SVC	high	core service(s)	- Per process type, the *effective* `env` (service-level merged under process-level) does not overlap the service's `secrets` / `config` (rule 16, mod
docex/plans/core/compiler.md	485	process-level	SVC	high	service-level	- Per process type, the *effective* `env` (service-level merged under process-level) does not overlap the service's `secrets` / `config` (rule 16, mod
docex/plans/core/compiler.md	488	process types	SVC	high	core service(s)	- Rendered data-plane identities are unique after naming-policy normalization, across core process types, backing services, **and the derivatives the 
docex/plans/core/compiler.md	488	process type	SVC	high	core service(s)	- Rendered data-plane identities are unique after naming-policy normalization, across core process types, backing services, **and the derivatives the 
docex/plans/core/compiler.md	488	process type	SVC	high	core service(s)	- Rendered data-plane identities are unique after naming-policy normalization, across core process types, backing services, **and the derivatives the 
docex/plans/core/compiler.md	488	process type	SVC	high	core service(s)	- Rendered data-plane identities are unique after naming-policy normalization, across core process types, backing services, **and the derivatives the 
docex/plans/core/compiler.md	489	process type	SVC	high	core service(s)	- `depends_on` names backing services only; a core process type in a `depends_on` list is an error pointing at `consumes:` (rule 24, mod 096). Because
docex/plans/core/compiler.md	489	process types	SVC	high	core service(s)	- `depends_on` names backing services only; a core process type in a `depends_on` list is an error pointing at `consumes:` (rule 24, mod 096). Because
docex/plans/core/compiler.md	490	ProcessRef	IDENT	high	ServiceRef	- `consumes` names only core process types, fully qualified as `<service>.<process>`; a bare name is an error, not shorthand, and a process type may n
docex/plans/core/compiler.md	490	process types	SVC	high	core service(s)	- `consumes` names only core process types, fully qualified as `<service>.<process>`; a bare name is an error, not shorthand, and a process type may n
docex/plans/core/compiler.md	490	process type	SVC	high	core service(s)	- `consumes` names only core process types, fully qualified as `<service>.<process>`; a bare name is an error, not shorthand, and a process type may n
docex/plans/core/compiler.md	490	process type	SVC	high	core service(s)	- `consumes` names only core process types, fully qualified as `<service>.<process>`; a bare name is an error, not shorthand, and a process type may n
docex/plans/core/compiler.md	491	ProcessType	IDENT	high	CoreService	- The `consumes` **parse lives on the model**, as `ProcessType.consumes_refs()` (mod 101). It normalizes to dotted form and drops entries that do not 
docex/plans/core/compiler.md	491	ProcessRef	IDENT	high	ServiceRef	- The `consumes` **parse lives on the model**, as `ProcessType.consumes_refs()` (mod 101). It normalizes to dotted form and drops entries that do not 
docex/plans/core/compiler.md	492	process types	SVC	high	core service(s)	- `replicas` is not declared on a `scheduler`, and `worker` / `scheduler` process types do not declare `web` in `networks` (rules 26 + 27, mod 096) — 
docex/plans/core/compiler.md	493	domain_default_process	KEY_FIELD	high	domain_default_service	- Per-process re-scoping of rules 10, 11, 12, 14, 15 and 28 (mod 096): resources, GPU-on-elastic, `domain_default_process`, the reserved-name blacklis
docex/plans/core/compiler.md	503	all_processes	IDENT	high	*_service	| How the compiler walks services | `src/docex/cicl/compile.py` — the work list in `compile_env` pairs each backing service with each `(service, proce
docex/plans/core/compiler.md	505	ProcessType	IDENT	high	CoreService	| What a core service may declare, and at which level | `src/docex/cicl/model.py` (`CoreService` is `extra="forbid"` over `{processes, secrets, config
docex/plans/core/compiler.md	505	CoreService	IDENT	high	Codebase	| What a core service may declare, and at which level | `src/docex/cicl/model.py` (`CoreService` is `extra="forbid"` over `{processes, secrets, config
docex/plans/core/compiler.md	505	core service	CB	high	codebase	| What a core service may declare, and at which level | `src/docex/cicl/model.py` (`CoreService` is `extra="forbid"` over `{processes, secrets, config
docex/plans/core/compiler.md	507	process type	SVC	high	core service(s)	| How doctrine env vars are injected on core services | `src/docex/cicl/compile.py::_build_env_surface` — the `out[...]` assignments after the resolve
docex/plans/core/compiler.md	507	core services	CB	high	codebase	| How doctrine env vars are injected on core services | `src/docex/cicl/compile.py::_build_env_surface` — the `out[...]` assignments after the resolve
docex/plans/core/compiler.md	517	core service	CB	high	codebase	| How the sidecar is paired with each core service | `src/docex/emit/compose.py::_sidecar_block` (fixed — one per *emitted container*, so one per repl
docex/plans/core/compiler.md	522	CoreService	IDENT	high	Codebase	| The declared config block | `src/docex/cicl/model.py` (`CoreService.config`) + the config loop in `src/docex/cicl/compile.py` |
docex/plans/core/masterplan.md	121	core service	CB	high	codebase	| `containerize` | both | clean `main` tip, `project.yml`, `infra.yml` | `docker buildx` per core service, tag, push to registry |
docex/plans/core/masterplan.md	241	process types	SVC	high	core service(s)	- **Provider set = (`consumes` targets) ∪ (`web`-network process types)**, minus `scheduler` process types. Both arms are load-bearing. The first is t
docex/plans/core/masterplan.md	241	process types	SVC	high	core service(s)	- **Provider set = (`consumes` targets) ∪ (`web`-network process types)**, minus `scheduler` process types. Both arms are load-bearing. The first is t
docex/plans/core/masterplan.md	243	process types	SVC	high	core service(s)	- **Contract paths are parsed right-anchored** — `<svc>.<proc>.<fmt>.yml`, counting segments from the right. The path is process-keyed unconditionally
docex/plans/core/masterplan.md	246	process type	SVC	high	core service(s)	- **A `consumes` target must declare both `port` and `health_check_path`.** Those two fields *are* its health declaration, and on elastic the `port` i
docex/plans/core/release_flow.md	45	core service	CB	high	codebase	├─ docker pull <registry>/<project>/<svc>:<version>           (per core service)
docex/plans/core/release_flow.md	72	core service	AMBIG	low	codebase? or KEEP?	| 2 | docker pull (per core service) | tofu apply (full) | tofu apply (targeted: migration task-defs only) |
docex/plans/core/release_flow.md	89	core services	CB	high	codebase	`services_with_schema(ctx)` in `src/docex/orchestrate/_common.py` returns the list of core services that own a database schema, derived from each back
docex/plans/core/release_flow.md	180	core service	AMBIG	low	codebase? or KEEP?	The mirror step (4) exists because the release functions read those paths via `worktree_ctx.project_root`, but `git worktree add` does not carry gitig
docex/plans/core/release_flow.md	199	core service	AMBIG	low	codebase? or KEEP?	Step 8 is the only fail-aggregated check. `_missing_images` probes every core service, accumulates misses, and the caller raises with the complete lis
docex/plans/core/test_projects.md	14	process types	SVC	high	core service(s)	Both projects share the **same code** under `core/`. There are **two codebases carrying three process types** between them:
docex/plans/core/test_projects.md	16	process types	PROTECTED_NEARBY	review	core service(s)	- **`api`** — one codebase, one image, two process types. `api.web` (`role: web`) exposes `POST /pings` + `GET /health` + the `/health/api/worker` fan
docex/plans/core/test_projects.md	16	process-type	PROTECTED_NEARBY	review	core service(s)	- **`api`** — one codebase, one image, two process types. `api.web` (`role: web`) exposes `POST /pings` + `GET /health` + the `/health/api/worker` fan
docex/plans/core/test_projects.md	17	process type	PROTECTED_NEARBY	review	core service(s)	- **`reaper`** — a scheduler-only codebase with one process type, `reaper.prune` (`role: scheduler`), nightly-pruning expired processed pings. Kept se
docex/src/docex/__main__.py	36	core services	IDENT	high	codebases	"build": "Refresh dist/ for one or all core services.",
docex/src/docex/__main__.py	41	core service	IDENT	high	codebase	"containerize": "Build and push core service prod images.",
docex/src/docex/__main__.py	389	core service	IDENT	high	codebase	help="core service to build (omit to build all)")
docex/src/docex/aws/client.py	246	core service	IDENT	high	codebase	Used by ``rollback`` to confirm every core service has an image
docex/src/docex/cicl/categories.py	44	core services	IDENT	high	codebases	release-time required-secret guard. Order: doctrine-injected first, then core services
docex/src/docex/cicl/categories.py	60	core_services	IDENT	high	codebases	for name in sorted(doc.core_services):
docex/src/docex/cicl/categories.py	61	core_services	IDENT	high	codebases	for k, desc in sorted((doc.core_services[name].secrets or {}).items()):
docex/src/docex/cicl/categories.py	80	core service	IDENT	high	codebase	"""Every declared config key: key + description + declaring core service.
docex/src/docex/cicl/categories.py	87	core_services	IDENT	high	codebases	for name in sorted(doc.core_services):
docex/src/docex/cicl/categories.py	88	core_services	IDENT	high	codebases	for k, desc in sorted((doc.core_services[name].config or {}).items()):
docex/src/docex/cicl/categories.py	161	Core service	IDENT	high	codebase	# Core service declarations.
docex/src/docex/cicl/categories.py	162	core_services	IDENT	high	codebases	for _name, svc in doc.core_services.items():
docex/src/docex/cicl/compile.py	31	CoreService	IDENT	high	Codebase	CoreService,
docex/src/docex/cicl/compile.py	32	ProcessRef	IDENT	high	ServiceRef	ProcessRef,
docex/src/docex/cicl/compile.py	159	core_services	IDENT	high	codebases	point at (``core_services.<svc>.processes.<proc>.resources`` for a core
docex/src/docex/cicl/compile.py	160	process type	SVC	high	core service(s)	process type, ``backing_services.<svc>.resources`` for a backing
docex/src/docex/cicl/compile.py	177	core service	IDENT	high	codebase	# Sidecar overhead: every core service runs a paired otelcol sidecar at
docex/src/docex/cicl/compile.py	222	core service	IDENT	high	codebase	f"note: core service {service_name!r}: resources rounded "
docex/src/docex/cicl/compile.py	231	core service	IDENT	high	codebase	f"note: core service {service_name!r}: sidecar overhead "
docex/src/docex/cicl/compile.py	240	core service	IDENT	high	codebase	f"note: core service {service_name!r}: resources rounded "
docex/src/docex/cicl/compile.py	263	core_services	IDENT	high	codebases	f"core_services.{service_name}.resources.disk"),
docex/src/docex/cicl/compile.py	273	core_services	IDENT	high	codebases	f"core_services.{service_name}.resources.disk"),
docex/src/docex/cicl/compile.py	291	process types	SVC	high	core service(s)	Core process types carry a fourth segment (``{project}_{env}_{service}_
docex/src/docex/cicl/compile.py	344	core service	IDENT	high	codebase	HCL provisions one ECR repo per core service and outputs the URL.
docex/src/docex/cicl/compile.py	372	domain_default_process	KEY_FIELD	high	domain_default_service	Domain. Used to route prod's ``domain_default_process`` for user URL
docex/src/docex/cicl/compile.py	386	process type	SVC	high	core service(s)	core process type, the bare name for a backing service — and
docex/src/docex/cicl/compile.py	388	domain_default_process	KEY_FIELD	high	domain_default_service	``domain_default_process``.
docex/src/docex/cicl/compile.py	431	domain_default_process	KEY_FIELD	high	domain_default_service	ProcessRef.parse(doc.domain_default_process).compiled
docex/src/docex/cicl/compile.py	431	ProcessRef	IDENT	high	ServiceRef	ProcessRef.parse(doc.domain_default_process).compiled
docex/src/docex/cicl/compile.py	432	domain_default_process	KEY_FIELD	high	domain_default_service	if doc.domain_default_process is not None else None
docex/src/docex/cicl/compile.py	436	ProcessRef	IDENT	high	ServiceRef	(ProcessRef(svc_name, proc_name).compiled, list(proc.networks))
docex/src/docex/cicl/compile.py	436	proc_name	IDENT	high	service_name	(ProcessRef(svc_name, proc_name).compiled, list(proc.networks))
docex/src/docex/cicl/compile.py	437	proc_name	IDENT	high	service_name	for svc_name, proc_name, _svc, proc in doc.all_processes()
docex/src/docex/cicl/compile.py	437	all_processes	IDENT	high	*_service	for svc_name, proc_name, _svc, proc in doc.all_processes()
docex/src/docex/cicl/compile.py	470	core service	IDENT	high	codebase	env: dict[str, Any]  # core service `env` block, resolved
docex/src/docex/cicl/compile.py	475	core service	IDENT	high	codebase	# Phase 4: True iff this is a core service that owns a backing
docex/src/docex/cicl/compile.py	504	core_service	IDENT	high	codebase	# `core_service` is what stays keyed on the codebase — the image ref, the
docex/src/docex/cicl/compile.py	506	core_service	IDENT	high	codebase	core_service: str | None = None
docex/src/docex/cicl/compile.py	508	core_service	IDENT	high	codebase	# `{project}-{env}-{core_service}` under the same naming policy as
docex/src/docex/cicl/compile.py	515	process-level	SVC	high	service-level	# process-level `env:` overlay. Consumed by the migrate task definition
docex/src/docex/cicl/compile.py	559	core service	IDENT	high	codebase	# emitter can wire each core service's paired OTel Collector sidecar
docex/src/docex/cicl/compile.py	578	process type	SVC	high	core service(s)	rather than picking a representative process type. Mod 099 deleted the
docex/src/docex/cicl/compile.py	579	process type	SVC	high	core service(s)	"pick one process type" bridge; this is what replaced it.
docex/src/docex/cicl/compile.py	582	process types	SVC	high	core service(s)	process types are INCLUDED: a scheduler-only codebase contributes no
docex/src/docex/cicl/compile.py	589	core_service	IDENT	high	codebase	if not svc.is_core or svc.core_service is None:
docex/src/docex/cicl/compile.py	591	core_service	IDENT	high	codebase	groups.setdefault(svc.core_service, []).append(svc)
docex/src/docex/cicl/compile.py	640	process type	SVC	high	core service(s)	# process type of one core service. `key` is the compiled identity — the
docex/src/docex/cicl/compile.py	640	core service	IDENT	high	codebase	# process type of one core service. `key` is the compiled identity — the
docex/src/docex/cicl/compile.py	643	process_name	IDENT	high	service_name	# (key, model, core_service_name | None, process_name | None)
docex/src/docex/cicl/compile.py	647	proc_name	IDENT	high	service_name	for svc_name, proc_name, _svc, proc in doc.all_processes():
docex/src/docex/cicl/compile.py	647	all_processes	IDENT	high	*_service	for svc_name, proc_name, _svc, proc in doc.all_processes():
docex/src/docex/cicl/compile.py	648	ProcessRef	IDENT	high	ServiceRef	work.append((ProcessRef(svc_name, proc_name).compiled, proc, svc_name, proc_name))
docex/src/docex/cicl/compile.py	648	proc_name	IDENT	high	service_name	work.append((ProcessRef(svc_name, proc_name).compiled, proc, svc_name, proc_name))
docex/src/docex/cicl/compile.py	648	proc_name	IDENT	high	service_name	work.append((ProcessRef(svc_name, proc_name).compiled, proc, svc_name, proc_name))
docex/src/docex/cicl/compile.py	652	proc_name	IDENT	high	service_name	for key, svc, svc_name, proc_name in work:
docex/src/docex/cicl/compile.py	656	process types	SVC	high	core service(s)	# Core process types have a single engine per role; pick the
docex/src/docex/cicl/compile.py	670	process type	SVC	high	core service(s)	f"core process type "
docex/src/docex/cicl/compile.py	671	ProcessRef	IDENT	high	ServiceRef	f"{ProcessRef(svc_name, proc_name).dotted!r} role "
docex/src/docex/cicl/compile.py	671	proc_name	IDENT	high	service_name	f"{ProcessRef(svc_name, proc_name).dotted!r} role "
docex/src/docex/cicl/compile.py	675	proc_name	IDENT	high	service_name	where=f"core_services.{svc_name}.processes.{proc_name}",
docex/src/docex/cicl/compile.py	675	core_services	IDENT	high	codebases	where=f"core_services.{svc_name}.processes.{proc_name}",
docex/src/docex/cicl/compile.py	681	proc_name	IDENT	high	service_name	for key, svc, svc_name, proc_name in work:
docex/src/docex/cicl/compile.py	685	proc_name	IDENT	high	service_name	project_name, env, svc_name if proc_name is not None else key,
docex/src/docex/cicl/compile.py	686	proc_name	IDENT	high	service_name	policy, process=proc_name,
docex/src/docex/cicl/compile.py	703	proc_name	IDENT	high	service_name	"process": proc_name,
docex/src/docex/cicl/compile.py	707	proc_name	IDENT	high	service_name	"codebase_name": svc_name if proc_name is not None else key,
docex/src/docex/cicl/compile.py	719	core services	IDENT	high	codebases	# Which core services own a backing-service schema. Reverse-index
docex/src/docex/cicl/compile.py	727	domain_default_process	KEY_FIELD	high	domain_default_service	# The compiled identity of `domain_default_process`, compared against
docex/src/docex/cicl/compile.py	730	domain_default_process	KEY_FIELD	high	domain_default_service	ProcessRef.parse(doc.domain_default_process).compiled
docex/src/docex/cicl/compile.py	730	ProcessRef	IDENT	high	ServiceRef	ProcessRef.parse(doc.domain_default_process).compiled
docex/src/docex/cicl/compile.py	731	domain_default_process	KEY_FIELD	high	domain_default_service	if doc.domain_default_process is not None else None
docex/src/docex/cicl/compile.py	735	proc_name	IDENT	high	service_name	for name, svc, svc_name, proc_name in work:
docex/src/docex/cicl/compile.py	736	ProcessType	IDENT	high	CoreService	# `svc` is a BackingService, or the ProcessType when `svc_name` /
docex/src/docex/cicl/compile.py	737	CoreService	IDENT	high	Codebase	# `proc_name` are set. `core_svc` is the owning CoreService, which
docex/src/docex/cicl/compile.py	737	proc_name	IDENT	high	service_name	# `proc_name` are set. `core_svc` is the owning CoreService, which
docex/src/docex/cicl/compile.py	740	CoreService	IDENT	high	Codebase	core_svc: CoreService | None = (
docex/src/docex/cicl/compile.py	741	core_services	IDENT	high	codebases	doc.core_services[svc_name] if is_core else None
docex/src/docex/cicl/compile.py	804	proc_name	IDENT	high	service_name	f"core_services.{svc_name}.processes.{proc_name}" if is_core
docex/src/docex/cicl/compile.py	804	core_services	IDENT	high	codebases	f"core_services.{svc_name}.processes.{proc_name}" if is_core
docex/src/docex/cicl/compile.py	813	process type	SVC	high	core service(s)	# CODEBASE, once, and every process type of that codebase
docex/src/docex/cicl/compile.py	823	process types	SVC	high	core service(s)	# Core process types never publish a host port. A `web`
docex/src/docex/cicl/compile.py	861	core services	IDENT	high	codebases	# 4. Resolve `env:` block on core services (magic refs live here).
docex/src/docex/cicl/compile.py	864	process type	SVC	high	core service(s)	#   env_block    — the process type's EFFECTIVE env (service-level
docex/src/docex/cicl/compile.py	865	process-level	SVC	high	service-level	#                  `env:` with the process-level block merged over
docex/src/docex/cicl/compile.py	896	core service	IDENT	high	codebase	f"core service {name!r} env {ekey!r} embeds a "
docex/src/docex/cicl/compile.py	923	core service	IDENT	high	codebase	# Doctrine-injected: PROJECT_VERSION on every core service.
docex/src/docex/cicl/compile.py	928	core service	IDENT	high	codebase	# Doctrine-injected OTel env vars on every core service. See
docex/src/docex/cicl/compile.py	930	core service	IDENT	high	codebase	# fixed and elastic — the paired sidecar shares the core service's
docex/src/docex/cicl/compile.py	939	process_type	SVC	high	core service(s)	# Mod 102: `docex.core_service` and `docex.process_type` carry the
docex/src/docex/cicl/compile.py	939	core_service	IDENT	high	codebase	# Mod 102: `docex.core_service` and `docex.process_type` carry the
docex/src/docex/cicl/compile.py	944	process type	SVC	high	core service(s)	# QUERYABLE ("every process type of the `api` codebase", "every
docex/src/docex/cicl/compile.py	961	core_service	IDENT	high	codebase	f"docex.core_service={svc_name}",
docex/src/docex/cicl/compile.py	964	process_type	SVC	high	core service(s)	# `docex.process_type` is present IFF the emitter is a declared
docex/src/docex/cicl/compile.py	965	process type	SVC	high	core service(s)	# process type. Its absence is the signal that this is a
docex/src/docex/cicl/compile.py	968	process_type	SVC	high	core service(s)	attrs.append(f"docex.process_type={otel_process}")
docex/src/docex/cicl/compile.py	979	proc_name	IDENT	high	service_name	otel_process=proc_name,
docex/src/docex/cicl/compile.py	994	process type	SVC	high	core service(s)	# process type silently changes the identity a migration reports.
docex/src/docex/cicl/compile.py	1025	core services	IDENT	high	codebases	# bundled engine set never exposed this because core services
docex/src/docex/cicl/compile.py	1039	process type	SVC	high	core service(s)	# process type of that codebase. Through Mod 096 it was set on
docex/src/docex/cicl/compile.py	1040	process type	SVC	high	core service(s)	# exactly one "carrier" process type, picked by a now-deleted
docex/src/docex/cicl/compile.py	1041	process type	SVC	high	core service(s)	# "pick one process type" bridge, so that the once-per-codebase
docex/src/docex/cicl/compile.py	1046	process type	SVC	high	core service(s)	# "pick one process type" read of this flag — if you need the one
docex/src/docex/cicl/compile.py	1048	process type	SVC	high	core service(s)	# service, not a process type.
docex/src/docex/cicl/compile.py	1062	core_service	IDENT	high	codebase	core_service=svc_name,
docex/src/docex/cicl/compile.py	1063	proc_name	IDENT	high	service_name	process=proc_name,
docex/src/docex/cicl/compile.py	1080	ProcessRef	IDENT	high	ServiceRef	ProcessRef.parse(dotted).compiled
docex/src/docex/cicl/compile.py	1153	core service	IDENT	high	codebase	# these (postgres→RDS, redis→cache, object_store→S3); a core service's
docex/src/docex/cicl/compile.py	1174	core_service	IDENT	high	codebase	shape_name (``core_service``/``backing_service`` by ``is_core``) and a
docex/src/docex/cicl/compile.py	1181	core_service	IDENT	high	codebase	shape_name = "core_service" if is_core else "backing_service"
docex/src/docex/cicl/compile.py	1317	core_services	IDENT	high	codebases	core_service_names=list(ctx.infra.core_services.keys()),
docex/src/docex/cicl/fargate.py	105	core_services	IDENT	high	codebases	where=where or f"core_services.{service_name}.resources",
docex/src/docex/cicl/fargate.py	137	core_services	IDENT	high	codebases	f"core_services.{service_name}.resources.memory"),
docex/src/docex/cicl/fargate.py	162	core_services	IDENT	high	codebases	where=where or f"core_services.{service_name}.resources",
docex/src/docex/cicl/magic_refs.py	5	core_services	IDENT	high	codebases	${core_services.<service>.<process>.<part>}     # four segments
docex/src/docex/cicl/magic_refs.py	9	process types	SVC	high	core service(s)	process types, so there is nothing to qualify.
docex/src/docex/cicl/magic_refs.py	31	ProcessRef	IDENT	high	ServiceRef	from docex.cicl.model import BackingService, CICLDocument, CoreService, ProcessRef
docex/src/docex/cicl/magic_refs.py	31	CoreService	IDENT	high	Codebase	from docex.cicl.model import BackingService, CICLDocument, CoreService, ProcessRef
docex/src/docex/cicl/magic_refs.py	42	core_services	IDENT	high	codebases	# Matches ANY ``${<kind>.<body>}`` where kind ∈ {core_services,
docex/src/docex/cicl/magic_refs.py	52	core_services	IDENT	high	codebases	_MAGIC_RE = re.compile(r"\$\{(core_services|backing_services)\.([^{}$]*)\}")
docex/src/docex/cicl/magic_refs.py	61	core_services	IDENT	high	codebases	"core_services": "${core_services.<service>.<process>.<part>}",
docex/src/docex/cicl/magic_refs.py	61	core_services	IDENT	high	codebases	"core_services": "${core_services.<service>.<process>.<part>}",
docex/src/docex/cicl/magic_refs.py	64	core_services	IDENT	high	codebases	_REF_BODY_SEGMENTS = {"core_services": 3, "backing_services": 2}
docex/src/docex/cicl/magic_refs.py	65	core_services	IDENT	high	codebases	_REF_SEGMENT_WORD = {"core_services": "four-segment", "backing_services": "three-segment"}
docex/src/docex/cicl/magic_refs.py	105	core_services	IDENT	high	codebases	if self.kind == "core_services":
docex/src/docex/cicl/magic_refs.py	115	core_services	IDENT	high	codebases	if self.kind == "core_services":
docex/src/docex/cicl/magic_refs.py	119	core_services	IDENT	high	codebases	f"${{core_services.{segs[0]}.<process>.{segs[1]}}}?"
docex/src/docex/cicl/magic_refs.py	122	core service	IDENT	high	codebase	" A codebase has no single boundary, so a bare core service "
docex/src/docex/cicl/magic_refs.py	127	process types	SVC	high	core service(s)	" A backing service has no process types, so there is nothing "
docex/src/docex/cicl/magic_refs.py	137	process type	SVC	high	core service(s)	# The self-reference rule, stated once. Two rules forbid a process type from
docex/src/docex/cicl/magic_refs.py	143	process type	SVC	high	core service(s)	_SELF_REF_RULE = "A process type may not reference itself"
docex/src/docex/cicl/magic_refs.py	147	process type	SVC	high	core service(s)	"""cicl.md § Magic Refs — a process type may not reference itself.
docex/src/docex/cicl/magic_refs.py	157	process type	SVC	high	core service(s)	f"return what you expect. Use `localhost` with the process type's own "
docex/src/docex/cicl/magic_refs.py	162	ProcessRef	IDENT	high	ServiceRef	def self_consumes_message(ref: ProcessRef) -> str:
docex/src/docex/cicl/magic_refs.py	163	process type	SVC	high	core service(s)	"""cicl.md rule 25 — a process type may not consume itself.
docex/src/docex/cicl/magic_refs.py	171	process type	SVC	high	core service(s)	f"process type {ref.dotted!r} lists itself in `consumes:`. "
docex/src/docex/cicl/magic_refs.py	173	process type	SVC	high	core service(s)	f"feeds nonsensical — the process type would be its own contract "
docex/src/docex/cicl/magic_refs.py	185	process type	SVC	high	core service(s)	# process type (Mod 096 re-keyed contexts/engines onto it), the service
docex/src/docex/cicl/magic_refs.py	188	core_services	IDENT	high	codebases	kind: str  # 'core_services' | 'backing_services'
docex/src/docex/cicl/magic_refs.py	190	target_process	IDENT	high	*_service	target_process: str | None  # process type; None for backing targets
docex/src/docex/cicl/magic_refs.py	190	process type	SVC	high	core service(s)	target_process: str | None  # process type; None for backing targets
docex/src/docex/cicl/magic_refs.py	236	process type	SVC	high	core service(s)	# cicl.md § Magic Refs: a process type may not reference itself.
docex/src/docex/cicl/magic_refs.py	238	core_services	IDENT	high	codebases	ref.kind == "core_services"
docex/src/docex/cicl/magic_refs.py	239	ProcessRef	IDENT	high	ServiceRef	and ProcessRef(ref.target, ref.process).compiled == consumer
docex/src/docex/cicl/magic_refs.py	245	target_process	IDENT	high	*_service	target_process=ref.process, part=ref.part,
docex/src/docex/cicl/magic_refs.py	301	process type	SVC	high	core service(s)	# identity for a core process type (Mod 096), the bare name for a
docex/src/docex/cicl/magic_refs.py	303	core_services	IDENT	high	codebases	if ref.kind == "core_services":
docex/src/docex/cicl/magic_refs.py	304	core_services	IDENT	high	codebases	svc = self.doc.core_services.get(ref.target)
docex/src/docex/cicl/magic_refs.py	307	core service	IDENT	high	codebase	f"magic ref {ref.text} -> unknown core service "
docex/src/docex/cicl/magic_refs.py	308	core_services	IDENT	high	codebases	f"{ref.target!r}; known: {sorted(self.doc.core_services)}"
docex/src/docex/cicl/magic_refs.py	312	core service	IDENT	high	codebase	f"magic ref {ref.text} -> core service {ref.target!r} "
docex/src/docex/cicl/magic_refs.py	313	process type	SVC	high	core service(s)	f"declares no process type {ref.process!r}; known: "
docex/src/docex/cicl/magic_refs.py	316	ProcessRef	IDENT	high	ServiceRef	key = ProcessRef(ref.target, ref.process).compiled
docex/src/docex/cicl/magic_refs.py	325	core_services	IDENT	high	codebases	f"magic ref kind must be core_services or backing_services, "
docex/src/docex/cicl/model.py	34	ProcessRef	IDENT	high	ServiceRef	class ProcessRef:
docex/src/docex/cicl/model.py	35	process type	SVC	high	core service(s)	"""A reference to one process type of one core service.
docex/src/docex/cicl/model.py	35	core service	IDENT	high	codebase	"""A reference to one process type of one core service.
docex/src/docex/cicl/model.py	39	domain_default_process	KEY_FIELD	high	domain_default_service	targets, ``domain_default_process``, magic refs, ``describe`` node ids —
docex/src/docex/cicl/model.py	48	ProcessRef	IDENT	high	ServiceRef	def parse(cls, raw: str) -> "ProcessRef":
docex/src/docex/cicl/model.py	54	core service	IDENT	high	codebase	f"'<service>.<process>' (e.g. 'api.web'). A bare core service "
docex/src/docex/cicl/model.py	109	ProcessType	IDENT	high	CoreService	class ProcessType(BaseModel):
docex/src/docex/cicl/model.py	110	core service	IDENT	high	codebase	"""One named way of invoking a core service's build artifact.
docex/src/docex/cicl/model.py	113	process types	SVC	high	core service(s)	image, N process types. See cicl.md § Process Types.
docex/src/docex/cicl/model.py	113	Process Types	SVC	high	core service(s)	image, N process types. See cicl.md § Process Types.
docex/src/docex/cicl/model.py	119	process-scoped	SVC	high	service-scoped	# process-scoped by derivation (cicl.md § Field scoping).
docex/src/docex/cicl/model.py	123	process type	SVC	high	core service(s)	# Rule 23. Required on EVERY process type including `web`: with several
docex/src/docex/cicl/model.py	124	process types	SVC	high	core service(s)	# process types sharing one image, at most one could inherit the
docex/src/docex/cicl/model.py	130	process type	SVC	high	core service(s)	# Rule 24: backing services only. A core process type here is an error.
docex/src/docex/cicl/model.py	132	process types	SVC	high	core service(s)	# Rule 25: core process types only, dotted and fully qualified
docex/src/docex/cicl/model.py	135	process types	SVC	high	core service(s)	# `consumes` is an interface edge between core process types. CI-only:
docex/src/docex/cicl/model.py	143	process type	SVC	high	core service(s)	# The only field valid at both levels. A process type's effective env is
docex/src/docex/cicl/model.py	148	ProcessType	IDENT	high	CoreService	def _validate_command_nonempty(self) -> "ProcessType":
docex/src/docex/cicl/model.py	157	process type	SVC	high	core service(s)	"""This process type's ``consumes:`` targets, normalized to dotted form.
docex/src/docex/cicl/model.py	169	ProcessRef	IDENT	high	ServiceRef	out.add(ProcessRef.parse(raw).dotted)
docex/src/docex/cicl/model.py	188	process type	SVC	high	core service(s)	# Fields that moved from the core service to the process type in CICL v2.
docex/src/docex/cicl/model.py	188	core service	IDENT	high	codebase	# Fields that moved from the core service to the process type in CICL v2.
docex/src/docex/cicl/model.py	196	CoreService	IDENT	high	Codebase	class CoreService(BaseModel):
docex/src/docex/cicl/model.py	197	core service	IDENT	high	codebase	"""A core service in ``infra.yml``: one codebase, one build artifact.
docex/src/docex/cicl/model.py	200	ProcessType	IDENT	high	CoreService	(rule 22). Everything invocation-determined lives on a ProcessType.
docex/src/docex/cicl/model.py	206	processes:	KEY_NEST	high	core_services:	processes: dict[str, ProcessType] = Field(min_length=1)
docex/src/docex/cicl/model.py	206	ProcessType	IDENT	high	CoreService	processes: dict[str, ProcessType] = Field(min_length=1)
docex/src/docex/cicl/model.py	230	process type	SVC	high	core service(s)	f"{stray} moved from the core service to the process type in "
docex/src/docex/cicl/model.py	230	core service	IDENT	high	codebase	f"{stray} moved from the core service to the process type in "
docex/src/docex/cicl/model.py	239	process type	SVC	high	core service(s)	# Mod 099 deleted the "pick one process type to stand in for the codebase"
docex/src/docex/cicl/model.py	241	process types	SVC	high	core service(s)	# sizing is now the per-dimension max across the codebase's process types, and
docex/src/docex/cicl/model.py	282	process type	SVC	high	core service(s)	# The web *process type* mapped to the bare
docex/src/docex/cicl/model.py	284	process types	SVC	high	core service(s)	# reference (e.g. ``api.web``). Other web process types live at
docex/src/docex/cicl/model.py	288	domain_default_process	KEY_FIELD	high	domain_default_service	domain_default_process: str | None = None
docex/src/docex/cicl/model.py	295	core_services:	KEY_TOP	high	codebases:	core_services: dict[str, CoreService] = Field(default_factory=dict)
docex/src/docex/cicl/model.py	295	CoreService	IDENT	high	Codebase	core_services: dict[str, CoreService] = Field(default_factory=dict)
docex/src/docex/cicl/model.py	308	CoreService	IDENT	high	Codebase	# `CoreService` first — so the operator saw a wall of per-service
docex/src/docex/cicl/model.py	323	core service	IDENT	high	codebase	"`processes:` block mandatory on every core service and adds "
docex/src/docex/cicl/model.py	337	core_services	IDENT	high	codebases	for name in list(self.core_services) + list(self.backing_services):
docex/src/docex/cicl/model.py	349	core_services	IDENT	high	codebases	for svc_name, svc in self.core_services.items():
docex/src/docex/cicl/model.py	350	proc_name	IDENT	high	service_name	for proc_name in svc.processes:
docex/src/docex/cicl/model.py	351	proc_name	IDENT	high	service_name	if not _SERVICE_NAME_RE.match(proc_name):
docex/src/docex/cicl/model.py	353	proc_name	IDENT	high	service_name	f"process name {proc_name!r} (on core service "
docex/src/docex/cicl/model.py	353	core service	IDENT	high	codebase	f"process name {proc_name!r} (on core service "
docex/src/docex/cicl/model.py	358	core_services	IDENT	high	codebases	overlap = set(self.core_services) & set(self.backing_services)
docex/src/docex/cicl/model.py	361	core_services	IDENT	high	codebases	f"service name(s) appear in both core_services and "
docex/src/docex/cicl/model.py	398	CoreService	IDENT	high	Codebase	name. Core entries are :class:`CoreService` (which no longer shares
docex/src/docex/cicl/model.py	400	all_processes	IDENT	high	*_service	``role`` / ``networks`` / ``port`` wants :meth:`all_processes`.
docex/src/docex/cicl/model.py	403	core_services	IDENT	high	codebases	merged.update(self.core_services)
docex/src/docex/cicl/model.py	407	ProcessType	IDENT	high	CoreService	def all_processes(self) -> list[tuple[str, str, CoreService, ProcessType]]:
docex/src/docex/cicl/model.py	407	CoreService	IDENT	high	Codebase	def all_processes(self) -> list[tuple[str, str, CoreService, ProcessType]]:
docex/src/docex/cicl/model.py	407	all_processes	IDENT	high	*_service	def all_processes(self) -> list[tuple[str, str, CoreService, ProcessType]]:
docex/src/docex/cicl/model.py	408	process_name	IDENT	high	service_name	"""Every ``(service_name, process_name, service, process)``, sorted.
docex/src/docex/cicl/model.py	410	process-level	SVC	high	service-level	The process-level companion to :meth:`all_services`, which stays the
docex/src/docex/cicl/model.py	415	core_services	IDENT	high	codebases	for svc_name in sorted(self.core_services):
docex/src/docex/cicl/model.py	416	core_services	IDENT	high	codebases	svc = self.core_services[svc_name]
docex/src/docex/cicl/model.py	417	proc_name	IDENT	high	service_name	for proc_name in sorted(svc.processes):
docex/src/docex/cicl/model.py	418	proc_name	IDENT	high	service_name	out.append((svc_name, proc_name, svc, svc.processes[proc_name]))
docex/src/docex/cicl/model.py	418	proc_name	IDENT	high	service_name	out.append((svc_name, proc_name, svc, svc.processes[proc_name]))
docex/src/docex/cicl/substitute.py	23	${core_services.X.P.Y}	REF	high	${codebases.<cb>.core_services.<svc>.<part>}	Magic refs (``${core_services.X.P.Y}`` and ``${backing_services.X.Y}``)
docex/src/docex/cicl/substitute.py	23	core_services	IDENT	high	codebases	Magic refs (``${core_services.X.P.Y}`` and ``${backing_services.X.Y}``)
docex/src/docex/cicl/validate.py	12	process type	SVC	high	core service(s)	`consumes` for a core process type.
docex/src/docex/cicl/validate.py	15	core service	IDENT	high	codebase	Rule 10: every core service has cpu+memory (covered by pydantic;
docex/src/docex/cicl/validate.py	18	process types	SVC	high	core service(s)	Rule 25: `consumes` names core process types, fully qualified as
docex/src/docex/cicl/validate.py	43	CoreService	IDENT	high	Codebase	CoreService,
docex/src/docex/cicl/validate.py	44	ProcessRef	IDENT	high	ServiceRef	ProcessRef,
docex/src/docex/cicl/validate.py	45	ProcessType	IDENT	high	CoreService	ProcessType,
docex/src/docex/cicl/validate.py	53	CoreService	IDENT	high	Codebase	# Service level is model-enforced (CoreService.extra="forbid"); listed for
docex/src/docex/cicl/validate.py	56	ProcessType	IDENT	high	CoreService	# Process level: everything ProcessType declares as a real field. Anything
docex/src/docex/cicl/validate.py	56	Process level	SVC	high	service-level	# Process level: everything ProcessType declares as a real field. Anything
docex/src/docex/cicl/validate.py	68	proc_name	IDENT	high	service_name	def _process_where(svc_name: str, proc_name: str) -> str:
docex/src/docex/cicl/validate.py	69	process type	SVC	high	core service(s)	"""The canonical ``where=`` path of one core process type."""
docex/src/docex/cicl/validate.py	70	proc_name	IDENT	high	service_name	return f"core_services.{svc_name}.processes.{proc_name}"
docex/src/docex/cicl/validate.py	70	core_services	IDENT	high	codebases	return f"core_services.{svc_name}.processes.{proc_name}"
docex/src/docex/cicl/validate.py	73	ProcessType	IDENT	high	CoreService	def _effective_env(svc: CoreService, proc: ProcessType) -> dict[str, Any]:
docex/src/docex/cicl/validate.py	73	CoreService	IDENT	high	Codebase	def _effective_env(svc: CoreService, proc: ProcessType) -> dict[str, Any]:
docex/src/docex/cicl/validate.py	74	process type	SVC	high	core service(s)	"""A process type's effective env: the codebase-scoped service-level
docex/src/docex/cicl/validate.py	75	process-level	SVC	high	service-level	``env:`` block with the process-level ``env:`` merged over it
docex/src/docex/cicl/validate.py	81	core service	IDENT	high	codebase	# Doctrine-injected env vars on every core service. A project may not
docex/src/docex/cicl/validate.py	139	process type	SVC	high	core service(s)	# `role` is per-process type in CICL v2, so role/engine resolution is too.
docex/src/docex/cicl/validate.py	140	proc_name	IDENT	high	service_name	for svc_name, proc_name, _svc, proc in doc.all_processes():
docex/src/docex/cicl/validate.py	140	all_processes	IDENT	high	*_service	for svc_name, proc_name, _svc, proc in doc.all_processes():
docex/src/docex/cicl/validate.py	141	proc_name	IDENT	high	service_name	where = _process_where(svc_name, proc_name)
docex/src/docex/cicl/validate.py	142	ProcessRef	IDENT	high	ServiceRef	label = ProcessRef(svc_name, proc_name).dotted
docex/src/docex/cicl/validate.py	142	proc_name	IDENT	high	service_name	label = ProcessRef(svc_name, proc_name).dotted
docex/src/docex/cicl/validate.py	147	process type	SVC	high	core service(s)	f"core process type {label!r} uses unknown role "
docex/src/docex/cicl/validate.py	153	Core services	IDENT	high	codebases	# Core services don't declare an engine in infra.yml; transfer-table
docex/src/docex/cicl/validate.py	160	process type	SVC	high	core service(s)	f"core process type {label!r} role {proc.role!r} has no "
docex/src/docex/cicl/validate.py	228	process types	SVC	high	core service(s)	# Core process types have a single canonical engine per role. We
docex/src/docex/cicl/validate.py	256	CoreService	IDENT	high	Codebase	# The service level needs no walk — CoreService forbids extras outright,
docex/src/docex/cicl/validate.py	258	proc_name	IDENT	high	service_name	for svc_name, proc_name, _svc, proc in doc.all_processes():
docex/src/docex/cicl/validate.py	258	all_processes	IDENT	high	*_service	for svc_name, proc_name, _svc, proc in doc.all_processes():
docex/src/docex/cicl/validate.py	260	ProcessRef	IDENT	high	ServiceRef	ProcessRef(svc_name, proc_name).dotted, proc, "core_services",
docex/src/docex/cicl/validate.py	260	proc_name	IDENT	high	service_name	ProcessRef(svc_name, proc_name).dotted, proc, "core_services",
docex/src/docex/cicl/validate.py	260	core_services	IDENT	high	codebases	ProcessRef(svc_name, proc_name).dotted, proc, "core_services",
docex/src/docex/cicl/validate.py	261	proc_name	IDENT	high	service_name	_STANDARD_PROCESS_FIELDS, _process_where(svc_name, proc_name),
docex/src/docex/cicl/validate.py	289	process type	SVC	high	core service(s)	``consumes`` answers it for a core process type. ``consumes=None``
docex/src/docex/cicl/validate.py	307	core_services	IDENT	high	codebases	if ref.kind == "core_services":
docex/src/docex/cicl/validate.py	315	core_services	IDENT	high	codebases	target_core = doc.core_services.get(ref.target)
docex/src/docex/cicl/validate.py	321	core service	IDENT	high	codebase	f"unknown core service {ref.target!r}"
docex/src/docex/cicl/validate.py	371	PROCESS TYPE	SVC	high	core service(s)	# "on the referencing PROCESS TYPE"; a backing service
docex/src/docex/cicl/validate.py	373	core service	IDENT	high	codebase	# core service, so there is nothing it could declare.
docex/src/docex/cicl/validate.py	376	${core_services.api.web.host}	REF	high	${codebases.<cb>.core_services.<svc>.<part>}	# to ${core_services.api.web.host} — and it is not a
docex/src/docex/cicl/validate.py	376	core_services	IDENT	high	codebases	# to ${core_services.api.web.host} — and it is not a
docex/src/docex/cicl/validate.py	384	ProcessRef	IDENT	high	ServiceRef	dotted = ProcessRef(ref.target, ref.process).dotted
docex/src/docex/cicl/validate.py	387	process type	SVC	high	core service(s)	f"process type {label!r} references {dotted!r} via "
docex/src/docex/cicl/validate.py	461	process type	SVC	high	core service(s)	# Core: one scan per process type, over its EFFECTIVE env (service-level
docex/src/docex/cicl/validate.py	462	process-level	SVC	high	service-level	# merged under process-level). A service-level `env:` ref therefore
docex/src/docex/cicl/validate.py	463	process type	SVC	high	core service(s)	# obliges EVERY process type of that codebase to carry the edge ITS KIND
docex/src/docex/cicl/validate.py	466	proc_name	IDENT	high	service_name	for svc_name, proc_name, svc, proc in doc.all_processes():
docex/src/docex/cicl/validate.py	466	all_processes	IDENT	high	*_service	for svc_name, proc_name, svc, proc in doc.all_processes():
docex/src/docex/cicl/validate.py	481	ProcessRef	IDENT	high	ServiceRef	ProcessRef(svc_name, proc_name).dotted,
docex/src/docex/cicl/validate.py	481	proc_name	IDENT	high	service_name	ProcessRef(svc_name, proc_name).dotted,
docex/src/docex/cicl/validate.py	482	proc_name	IDENT	high	service_name	_process_where(svc_name, proc_name),
docex/src/docex/cicl/validate.py	483	proc_name	IDENT	high	service_name	(svc_name, proc_name),
docex/src/docex/cicl/validate.py	530	core_services	IDENT	high	codebases	elif dep in doc.core_services:
docex/src/docex/cicl/validate.py	536	core service	IDENT	high	codebase	f"which is a core service. `depends_on` is a readiness gate and "
docex/src/docex/cicl/validate.py	538	process types	SVC	high	core service(s)	f"process types is a different relation with different rules and "
docex/src/docex/cicl/validate.py	545	proc_name	IDENT	high	service_name	for svc_name, proc_name, _svc, proc in doc.all_processes():
docex/src/docex/cicl/validate.py	545	all_processes	IDENT	high	*_service	for svc_name, proc_name, _svc, proc in doc.all_processes():
docex/src/docex/cicl/validate.py	547	ProcessRef	IDENT	high	ServiceRef	f"core process type {ProcessRef(svc_name, proc_name).dotted}",
docex/src/docex/cicl/validate.py	547	proc_name	IDENT	high	service_name	f"core process type {ProcessRef(svc_name, proc_name).dotted}",
docex/src/docex/cicl/validate.py	547	process type	SVC	high	core service(s)	f"core process type {ProcessRef(svc_name, proc_name).dotted}",
docex/src/docex/cicl/validate.py	548	proc_name	IDENT	high	service_name	_process_where(svc_name, proc_name),
docex/src/docex/cicl/validate.py	555	process type	SVC	high	core service(s)	# rule 24 in force a core process type can only point at a backing
docex/src/docex/cicl/validate.py	556	process types	SVC	high	core service(s)	# service, so core process types are leaves and cannot participate in
docex/src/docex/cicl/validate.py	585	process types	SVC	high	core service(s)	# Rule 25: `consumes` names core process types, fully qualified, not itself.
docex/src/docex/cicl/validate.py	590	ProcessRef	IDENT	high	ServiceRef	"""Rule 25. `ProcessRef.parse` is the parser — Mod 096 already wrote the
docex/src/docex/cicl/validate.py	594	proc_name	IDENT	high	service_name	for svc_name, proc_name, _svc, proc in doc.all_processes():
docex/src/docex/cicl/validate.py	594	all_processes	IDENT	high	*_service	for svc_name, proc_name, _svc, proc in doc.all_processes():
docex/src/docex/cicl/validate.py	595	ProcessRef	IDENT	high	ServiceRef	label = ProcessRef(svc_name, proc_name).dotted
docex/src/docex/cicl/validate.py	595	proc_name	IDENT	high	service_name	label = ProcessRef(svc_name, proc_name).dotted
docex/src/docex/cicl/validate.py	596	proc_name	IDENT	high	service_name	where = f"{_process_where(svc_name, proc_name)}.consumes"
docex/src/docex/cicl/validate.py	600	process type	SVC	high	core service(s)	f"process type {label!r} lists {entry!r} in `consumes:`, which "
docex/src/docex/cicl/validate.py	602	process types	SVC	high	core service(s)	f"is an interface edge between core process types; readiness "
docex/src/docex/cicl/validate.py	619	ProcessRef	IDENT	high	ServiceRef	ref = ProcessRef.parse(raw)
docex/src/docex/cicl/validate.py	624	process type	SVC	high	core service(s)	f"process type {label!r}: invalid `consumes:` entry — "
docex/src/docex/cicl/validate.py	633	proc_name	IDENT	high	service_name	if (ref.service, ref.process) == (svc_name, proc_name):
docex/src/docex/cicl/validate.py	639	core_services	IDENT	high	codebases	target = doc.core_services.get(ref.service)
docex/src/docex/cicl/validate.py	644	process type	SVC	high	core service(s)	f"process type {label!r} lists {raw!r} in `consumes:`, "
docex/src/docex/cicl/validate.py	645	core service	IDENT	high	codebase	f"but no core service {ref.service!r} is declared; "
docex/src/docex/cicl/validate.py	646	core_services	IDENT	high	codebases	f"known: {sorted(doc.core_services)}"
docex/src/docex/cicl/validate.py	658	process type	SVC	high	core service(s)	f"process type {label!r} lists {raw!r} in `consumes:`, "
docex/src/docex/cicl/validate.py	659	core service	IDENT	high	codebase	f"but core service {ref.service!r} declares no process "
docex/src/docex/cicl/validate.py	670	process type	SVC	high	core service(s)	f"process type {label!r} lists {raw!r} in `consumes:`, but "
docex/src/docex/cicl/validate.py	671	process type	SVC	high	core service(s)	f"{raw!r} is a `scheduler` process type. Cron invokes a "
docex/src/docex/cicl/validate.py	702	core_services	IDENT	high	codebases	if owner not in doc.core_services:
docex/src/docex/cicl/validate.py	707	core service	IDENT	high	codebase	f"a core service"
docex/src/docex/cicl/validate.py	712	core service	IDENT	high	codebase	# by the same core service is allowed.
docex/src/docex/cicl/validate.py	738	proc_name	IDENT	high	service_name	for svc_name, proc_name, _svc, proc in doc.all_processes():
docex/src/docex/cicl/validate.py	738	all_processes	IDENT	high	*_service	for svc_name, proc_name, _svc, proc in doc.all_processes():
docex/src/docex/cicl/validate.py	739	proc_name	IDENT	high	service_name	where = _process_where(svc_name, proc_name)
docex/src/docex/cicl/validate.py	740	ProcessRef	IDENT	high	ServiceRef	label = ProcessRef(svc_name, proc_name).dotted
docex/src/docex/cicl/validate.py	740	proc_name	IDENT	high	service_name	label = ProcessRef(svc_name, proc_name).dotted
docex/src/docex/cicl/validate.py	745	process type	SVC	high	core service(s)	message=f"core process type {label!r} must declare resources",
docex/src/docex/cicl/validate.py	754	process type	SVC	high	core service(s)	f"core process type {label!r}: resources.gpu is not "
docex/src/docex/cicl/validate.py	792	process type	SVC	high	core service(s)	namespace as the services the author wrote, so a process type named
docex/src/docex/cicl/validate.py	800	process type	SVC	high	core service(s)	the fixed-prod compose unroll appends — seeded only where the process type
docex/src/docex/cicl/validate.py	804	proc_name	IDENT	high	service_name	for svc_name, proc_name, _svc, proc in doc.all_processes():
docex/src/docex/cicl/validate.py	804	all_processes	IDENT	high	*_service	for svc_name, proc_name, _svc, proc in doc.all_processes():
docex/src/docex/cicl/validate.py	805	ProcessRef	IDENT	high	ServiceRef	ref = ProcessRef(svc_name, proc_name)
docex/src/docex/cicl/validate.py	805	proc_name	IDENT	high	service_name	ref = ProcessRef(svc_name, proc_name)
docex/src/docex/cicl/validate.py	807	process type	SVC	high	core service(s)	f"core process type {ref.dotted!r}"
docex/src/docex/cicl/validate.py	809	process type	SVC	high	core service(s)	# Compiler-emitted, per process type. A scheduler has no long-running
docex/src/docex/cicl/validate.py	811	process type	SVC	high	core service(s)	# instead. Exactly one of the two suffixes exists per process type.
docex/src/docex/cicl/validate.py	815	process type	SVC	high	core service(s)	).append(f"the scheduler trigger for core process type {ref.dotted!r}")
docex/src/docex/cicl/validate.py	819	process type	SVC	high	core service(s)	).append(f"the collector sidecar for core process type {ref.dotted!r}")
docex/src/docex/cicl/validate.py	821	process type	SVC	high	core service(s)	# process type with `replicas: N` into N compose services keyed
docex/src/docex/cicl/validate.py	822	process types	SVC	high	core service(s)	# `{compiled}-{i}`, so `api` with process types `web` (replicas: 3)
docex/src/docex/cicl/validate.py	832	process type	SVC	high	core service(s)	# edit on this very process type, so the error surfaces in the
docex/src/docex/cicl/validate.py	844	process type	SVC	high	core service(s)	f"replica {i} of core process type {ref.dotted!r}"
docex/src/docex/cicl/validate.py	855	core_services	IDENT	high	codebases	for codebase in sorted(doc.core_services):
docex/src/docex/cicl/validate.py	873	process types	SVC	high	core service(s)	f"unique across core process types, backing services, and the "
docex/src/docex/cicl/validate.py	890	domain_default_process	KEY_FIELD	high	domain_default_service	"""Rule 12: ``domain_default_process`` names a web-network *process
docex/src/docex/cicl/validate.py	892	domain_default_process	KEY_FIELD	high	domain_default_service	ddp = doc.domain_default_process
docex/src/docex/cicl/validate.py	896	ProcessRef	IDENT	high	ServiceRef	ref = ProcessRef.parse(ddp)
docex/src/docex/cicl/validate.py	900	domain_default_process	KEY_FIELD	high	domain_default_service	message=f"domain_default_process {ddp!r}: {exc}",
docex/src/docex/cicl/validate.py	901	domain_default_process	KEY_FIELD	high	domain_default_service	where="domain_default_process",
docex/src/docex/cicl/validate.py	903	core_services	IDENT	high	codebases	svc = doc.core_services.get(ref.service)
docex/src/docex/cicl/validate.py	908	domain_default_process	KEY_FIELD	high	domain_default_service	f"domain_default_process {ddp!r} names core service "
docex/src/docex/cicl/validate.py	908	core service	IDENT	high	codebase	f"domain_default_process {ddp!r} names core service "
docex/src/docex/cicl/validate.py	911	domain_default_process	KEY_FIELD	high	domain_default_service	where="domain_default_process",
docex/src/docex/cicl/validate.py	918	domain_default_process	KEY_FIELD	high	domain_default_service	f"domain_default_process {ddp!r}: core service "
docex/src/docex/cicl/validate.py	918	core service	IDENT	high	codebase	f"domain_default_process {ddp!r}: core service "
docex/src/docex/cicl/validate.py	919	process type	SVC	high	core service(s)	f"{ref.service!r} declares no process type {ref.process!r} "
docex/src/docex/cicl/validate.py	922	domain_default_process	KEY_FIELD	high	domain_default_service	where="domain_default_process",
docex/src/docex/cicl/validate.py	928	domain_default_process	KEY_FIELD	high	domain_default_service	f"domain_default_process {ddp!r} must be on the 'web' network "
docex/src/docex/cicl/validate.py	929	process types	SVC	high	core service(s)	f"(only web process types are reachable at a subdomain)"
docex/src/docex/cicl/validate.py	931	domain_default_process	KEY_FIELD	high	domain_default_service	where="domain_default_process",
docex/src/docex/cicl/validate.py	937	process type	SVC	high	core service(s)	"""Rule 15: every web-network process type / backing service must declare
docex/src/docex/cicl/validate.py	941	proc_name	IDENT	high	service_name	for svc_name, proc_name, _svc, proc in doc.all_processes():
docex/src/docex/cicl/validate.py	941	all_processes	IDENT	high	*_service	for svc_name, proc_name, _svc, proc in doc.all_processes():
docex/src/docex/cicl/validate.py	946	process type	SVC	high	core service(s)	f"core process type "
docex/src/docex/cicl/validate.py	947	ProcessRef	IDENT	high	ServiceRef	f"{ProcessRef(svc_name, proc_name).dotted!r} is on the "
docex/src/docex/cicl/validate.py	947	proc_name	IDENT	high	service_name	f"{ProcessRef(svc_name, proc_name).dotted!r} is on the "
docex/src/docex/cicl/validate.py	951	proc_name	IDENT	high	service_name	where=_process_where(svc_name, proc_name),
docex/src/docex/cicl/validate.py	967	core service	IDENT	high	codebase	"""Rule 16: a core service's effective `env:` (service ∪ process),
docex/src/docex/cicl/validate.py	974	process type	SVC	high	core service(s)	# service-level fact — reported once, not once per process type.
docex/src/docex/cicl/validate.py	975	core_services	IDENT	high	codebases	for name, svc in sorted(doc.core_services.items()):
docex/src/docex/cicl/validate.py	980	core service	IDENT	high	codebase	f"core service {name!r}: key {key!r} appears in both "
docex/src/docex/cicl/validate.py	983	core_services	IDENT	high	codebases	where=f"core_services.{name}",
docex/src/docex/cicl/validate.py	985	proc_name	IDENT	high	service_name	for svc_name, proc_name, svc, proc in doc.all_processes():
docex/src/docex/cicl/validate.py	985	all_processes	IDENT	high	*_service	for svc_name, proc_name, svc, proc in doc.all_processes():
docex/src/docex/cicl/validate.py	992	process type	SVC	high	core service(s)	f"core process type "
docex/src/docex/cicl/validate.py	993	ProcessRef	IDENT	high	ServiceRef	f"{ProcessRef(svc_name, proc_name).dotted!r}: key "
docex/src/docex/cicl/validate.py	993	proc_name	IDENT	high	service_name	f"{ProcessRef(svc_name, proc_name).dotted!r}: key "
docex/src/docex/cicl/validate.py	997	proc_name	IDENT	high	service_name	where=_process_where(svc_name, proc_name),
docex/src/docex/cicl/validate.py	1029	ProcessType	IDENT	high	CoreService	or a :class:`ProcessType` (delegate to :func:`_engine_for_role`).
docex/src/docex/cicl/validate.py	1065	process types	SVC	high	core service(s)	# (label, where, model) over backing services plus core process types —
docex/src/docex/cicl/validate.py	1072	ProcessRef	IDENT	high	ServiceRef	ProcessRef(svc_name, proc_name).dotted,
docex/src/docex/cicl/validate.py	1072	proc_name	IDENT	high	service_name	ProcessRef(svc_name, proc_name).dotted,
docex/src/docex/cicl/validate.py	1073	proc_name	IDENT	high	service_name	_process_where(svc_name, proc_name),
docex/src/docex/cicl/validate.py	1076	proc_name	IDENT	high	service_name	for svc_name, proc_name, _svc, proc in doc.all_processes()
docex/src/docex/cicl/validate.py	1076	all_processes	IDENT	high	*_service	for svc_name, proc_name, _svc, proc in doc.all_processes()
docex/src/docex/cicl/validate.py	1227	core services	IDENT	high	codebases	"""Doctrine-reserved env keys on core services. A project that
docex/src/docex/cicl/validate.py	1235	core_services	IDENT	high	codebases	for svc_name, svc in sorted(doc.core_services.items()):
docex/src/docex/cicl/validate.py	1237	process type	SVC	high	core service(s)	# reported once for the codebase; each process type's own `env:` is
docex/src/docex/cicl/validate.py	1241	core_services	IDENT	high	codebases	("env", f"core_services.{svc_name}.env", set(svc.env or {})),
docex/src/docex/cicl/validate.py	1242	core_services	IDENT	high	codebases	("secrets", f"core_services.{svc_name}.secrets", set(svc.secrets or {})),
docex/src/docex/cicl/validate.py	1243	core_services	IDENT	high	codebases	("config", f"core_services.{svc_name}.config", set(svc.config or {})),
docex/src/docex/cicl/validate.py	1245	proc_name	IDENT	high	service_name	for proc_name in sorted(svc.processes):
docex/src/docex/cicl/validate.py	1246	proc_name	IDENT	high	service_name	proc = svc.processes[proc_name]
docex/src/docex/cicl/validate.py	1249	proc_name	IDENT	high	service_name	f"{_process_where(svc_name, proc_name)}.env",
docex/src/docex/cicl/validate.py	1257	core service	IDENT	high	codebase	f"core service {svc_name!r} declares "
docex/src/docex/cicl/validate.py	1260	core service	IDENT	high	codebase	f"on every core service. Remove the "
docex/src/docex/cicl/validate.py	1274	core service	IDENT	high	codebase	f"core service {svc_name!r} declares {key!r} under "
docex/src/docex/cicl/validate.py	1403	proc_name	IDENT	high	service_name	for svc_name, proc_name, _svc, _proc in doc.all_processes():
docex/src/docex/cicl/validate.py	1403	all_processes	IDENT	high	*_service	for svc_name, proc_name, _svc, _proc in doc.all_processes():
docex/src/docex/cicl/validate.py	1404	proc_name	IDENT	high	service_name	if proc_name in _RESERVED_SERVICE_NAMES:
docex/src/docex/cicl/validate.py	1408	proc_name	IDENT	high	service_name	f"process name {proc_name!r} (on core service "
docex/src/docex/cicl/validate.py	1408	core service	IDENT	high	codebase	f"process name {proc_name!r} (on core service "
docex/src/docex/cicl/validate.py	1414	proc_name	IDENT	high	service_name	f"process named {proc_name!r} renders "
docex/src/docex/cicl/validate.py	1415	proc_name	IDENT	high	service_name	f"{svc_name}-{proc_name}.dev.<project>.<apex_domain>, "
docex/src/docex/cicl/validate.py	1418	proc_name	IDENT	high	service_name	where=_process_where(svc_name, proc_name),
docex/src/docex/cicl/validate.py	1448	process type	SVC	high	core service(s)	"""Mod 055: a ``scheduler`` core process type must declare a
docex/src/docex/cicl/validate.py	1451	process type	SVC	high	core service(s)	``schedule`` on a *non*-scheduler process type is already rejected by
docex/src/docex/cicl/validate.py	1457	ProcessType	IDENT	high	CoreService	The command-required half is gone: ``ProcessType.command`` is required
docex/src/docex/cicl/validate.py	1458	process type	SVC	high	core service(s)	and non-empty on EVERY process type (rule 23), so the check would be
docex/src/docex/cicl/validate.py	1464	proc_name	IDENT	high	service_name	for svc_name, proc_name, _svc, proc in doc.all_processes():
docex/src/docex/cicl/validate.py	1464	all_processes	IDENT	high	*_service	for svc_name, proc_name, _svc, proc in doc.all_processes():
docex/src/docex/cicl/validate.py	1467	proc_name	IDENT	high	service_name	where = f"{_process_where(svc_name, proc_name)}.schedule"
docex/src/docex/cicl/validate.py	1473	process type	SVC	high	core service(s)	f"scheduler process type "
docex/src/docex/cicl/validate.py	1474	ProcessRef	IDENT	high	ServiceRef	f"{ProcessRef(svc_name, proc_name).dotted!r} must declare "
docex/src/docex/cicl/validate.py	1474	proc_name	IDENT	high	service_name	f"{ProcessRef(svc_name, proc_name).dotted!r} must declare "
docex/src/docex/cicl/validate.py	1491	process type	SVC	high	core service(s)	# Roles that never take public ingress. A process type wanting it *is* a web
docex/src/docex/cicl/validate.py	1492	process type	SVC	high	core service(s)	# process type and should say so with `role: web`.
docex/src/docex/cicl/validate.py	1504	process type	SVC	high	core service(s)	Rule 27: a `worker` or `scheduler` process type may not declare `web` in
docex/src/docex/cicl/validate.py	1505	process type	SVC	high	core service(s)	`networks`. A process type wanting public ingress *is* a web process type
docex/src/docex/cicl/validate.py	1505	process type	SVC	high	core service(s)	`networks`. A process type wanting public ingress *is* a web process type
docex/src/docex/cicl/validate.py	1510	proc_name	IDENT	high	service_name	for svc_name, proc_name, _svc, proc in doc.all_processes():
docex/src/docex/cicl/validate.py	1510	all_processes	IDENT	high	*_service	for svc_name, proc_name, _svc, proc in doc.all_processes():
docex/src/docex/cicl/validate.py	1511	proc_name	IDENT	high	service_name	where = _process_where(svc_name, proc_name)
docex/src/docex/cicl/validate.py	1512	ProcessRef	IDENT	high	ServiceRef	label = ProcessRef(svc_name, proc_name).dotted
docex/src/docex/cicl/validate.py	1512	proc_name	IDENT	high	service_name	label = ProcessRef(svc_name, proc_name).dotted
docex/src/docex/cicl/validate.py	1519	process type	SVC	high	core service(s)	f"scheduler process type {label!r} declares `replicas: "
docex/src/docex/cicl/validate.py	1531	process type	SVC	high	core service(s)	f"{proc.role} process type {label!r} declares 'web' in "
docex/src/docex/cicl/validate.py	1533	process type	SVC	high	core service(s)	f"through the reverse proxy; a process type that wants it "
docex/src/docex/cicl/validate.py	1534	process type	SVC	high	core service(s)	f"*is* a web process type and should declare `role: web`. "
docex/src/docex/cicl/validate.py	1562	process-scoped	SVC	high	service-scoped	# Both the field and the port are process-scoped in CICL v2 — reading
docex/src/docex/cicl/validate.py	1563	CoreService	IDENT	high	Codebase	# them off the CoreService would see permanently empty extras and pass
docex/src/docex/cicl/validate.py	1565	proc_name	IDENT	high	service_name	for svc_name, proc_name, _svc, proc in doc.all_processes():
docex/src/docex/cicl/validate.py	1565	all_processes	IDENT	high	*_service	for svc_name, proc_name, _svc, proc in doc.all_processes():
docex/src/docex/cicl/validate.py	1572	process type	SVC	high	core service(s)	f"core process type "
docex/src/docex/cicl/validate.py	1573	ProcessRef	IDENT	high	ServiceRef	f"{ProcessRef(svc_name, proc_name).dotted!r} declares "
docex/src/docex/cicl/validate.py	1573	proc_name	IDENT	high	service_name	f"{ProcessRef(svc_name, proc_name).dotted!r} declares "
docex/src/docex/cicl/validate.py	1579	proc_name	IDENT	high	service_name	where=f"{_process_where(svc_name, proc_name)}.port",
docex/src/docex/cicl/validate.py	1594	core_services	IDENT	high	codebases	"core_services",
docex/src/docex/cicl/validate.py	1595	ProcessRef	IDENT	high	ServiceRef	ProcessRef(svc_name, proc_name).dotted,
docex/src/docex/cicl/validate.py	1595	proc_name	IDENT	high	service_name	ProcessRef(svc_name, proc_name).dotted,
docex/src/docex/cicl/validate.py	1596	proc_name	IDENT	high	service_name	_process_where(svc_name, proc_name),
docex/src/docex/cicl/validate.py	1599	proc_name	IDENT	high	service_name	for svc_name, proc_name, _svc, proc in doc.all_processes()
docex/src/docex/cicl/validate.py	1599	all_processes	IDENT	high	*_service	for svc_name, proc_name, _svc, proc in doc.all_processes()
docex/src/docex/describe/dag.py	15	ProcessRef	IDENT	high	ServiceRef	from docex.cicl.model import ProcessRef
docex/src/docex/describe/dag.py	51	process type	SVC	high	core service(s)	Dotted for a core process type (``api.web``), bare for a backing service
docex/src/docex/describe/dag.py	58	core_service	IDENT	high	codebase	if svc.core_service is not None and svc.process is not None:
docex/src/docex/describe/dag.py	59	ProcessRef	IDENT	high	ServiceRef	return ProcessRef(svc.core_service, svc.process).dotted
docex/src/docex/describe/dag.py	59	core_service	IDENT	high	codebase	return ProcessRef(svc.core_service, svc.process).dotted
docex/src/docex/describe/llm.py	38	core_service	IDENT	high	codebase	"kind": "core_service" if svc.is_core else "backing_service",
docex/src/docex/describe/llm.py	44	process dimension	SVC	high	service dimension	# backing service, which has no process dimension.
docex/src/docex/describe/llm.py	45	core_service	IDENT	high	codebase	"core_service": svc.core_service,
docex/src/docex/describe/llm.py	45	core_service	IDENT	high	codebase	"core_service": svc.core_service,
docex/src/docex/emit/ansible.py	26	process type	SVC	high	core service(s)	# that process type's `env:` overlay. That is the exact trap the exec
docex/src/docex/emit/ansible.py	34	process type	SVC	high	core service(s)	# per codebase. `schema_owned_by_db` is now true of every process type of
docex/src/docex/emit/compose.py	20	process type	SVC	high	core service(s)	those operations previously had to *pick* one process type's container to
docex/src/docex/emit/compose.py	30	process type	SVC	high	core service(s)	(``CompiledService.service_env``), never a process type's overlay. That is
docex/src/docex/emit/compose.py	33	process-level	SVC	high	service-level	process-level key is not merely discouraged there, it is absent.
docex/src/docex/emit/compose.py	161	domain_default_process	KEY_FIELD	high	domain_default_service	and the ``domain_default_process`` additionally at the bare
docex/src/docex/emit/compose.py	226	core service	IDENT	high	codebase	"""Render the paired OTel Collector sidecar block for a core service.
docex/src/docex/emit/compose.py	228	core service	IDENT	high	codebase	The sidecar shares the core service's network namespace via
docex/src/docex/emit/compose.py	295	process type	SVC	high	core service(s)	The alias goes on EVERY network the process type joins. A consumer
docex/src/docex/emit/compose.py	366	process type	SVC	high	core service(s)	"""Render the ofelia INI for one scheduler process type.
docex/src/docex/emit/compose.py	369	process type	SVC	high	core service(s)	process type — ``[job-run "api-nightly_cleanup"]``, i.e.
docex/src/docex/emit/compose.py	378	process type	SVC	high	core service(s)	The image is **shared with every sibling process type of the same
docex/src/docex/emit/compose.py	542	core services	IDENT	high	codebases	# Phase 2: dev compose gets bind mounts on core services so
docex/src/docex/emit/compose.py	548	Core Service	IDENT	high	codebase	# doctrinal defaults; see infrastructure.md § Core Service Containers.
docex/src/docex/emit/compose.py	551	process type	SVC	high	core service(s)	# `core/<svc>/` is one source folder shared by every process type.
docex/src/docex/emit/compose.py	553	core_service	IDENT	high	codebase	f"./core/{svc.core_service}/src:/service/src",
docex/src/docex/emit/compose.py	554	core_service	IDENT	high	codebase	f"./core/{svc.core_service}/dist:/service/dist",
docex/src/docex/emit/compose.py	565	core service	IDENT	high	codebase	# The doctrine requires every core service to ship a Dockerfile
docex/src/docex/emit/compose.py	573	core_service	IDENT	high	codebase	"context": f"./core/{svc.core_service}",
docex/src/docex/emit/compose.py	649	core service	IDENT	high	codebase	# Mod 018: paired OTel Collector sidecar per core service. The sidecar
docex/src/docex/emit/compose.py	704	process type	SVC	high	core service(s)	# process type of the codebase: one tag, one build.
docex/src/docex/emit/compose.py	717	process types	SVC	high	core service(s)	# identical across a codebase's process types by construction (the
docex/src/docex/emit/compose.py	722	process_type	SVC	high	core service(s)	# `docex.process_type`), where it previously leaked `procs[0]`'s
docex/src/docex/emit/hcl.py	17	core service	IDENT	high	codebase	entries. A core service env value that is a bare ``$[REF]`` becomes
docex/src/docex/emit/hcl.py	52	core service	IDENT	high	codebase	# detect (and extract) which entries on a core service's env block must
docex/src/docex/emit/hcl.py	318	core services	IDENT	high	codebases	Shared between core services and container-backing services; backing
docex/src/docex/emit/hcl.py	370	process type	SVC	high	core service(s)	# Mod 108: the process type's `command`. Deliberately AFTER the
docex/src/docex/emit/hcl.py	372	process type	SVC	high	core service(s)	# transfer table must not be able to override which process type this
docex/src/docex/emit/hcl.py	374	Core Service	IDENT	high	codebase	# reintroduce the ambiguity infrastructure.md § Core Service Containers
docex/src/docex/emit/hcl.py	375	process types	SVC	high	core service(s)	# deletes — with N process types on one image, no Dockerfile `CMD` can be
docex/src/docex/emit/hcl.py	390	ProcessType	IDENT	high	CoreService	# `str | list[str]` per ProcessType.command. ECS requires a list;
docex/src/docex/emit/hcl.py	401	core services	IDENT	high	codebases	# listener rules. Web-network core services with a port only.
docex/src/docex/emit/hcl.py	436	core service	IDENT	high	codebase	# Mod 018: paired OTel Collector sidecar for every core service. Shares
docex/src/docex/emit/hcl.py	487	core_service	IDENT	high	codebase	# core_service/backing_service per `svc.is_core`.
docex/src/docex/emit/hcl.py	488	core_service	IDENT	high	codebase	td_shape = "core_service" if svc.is_core else "backing_service"
docex/src/docex/emit/hcl.py	504	core_service	IDENT	high	codebase	service=svc.core_service or svc.name, role=svc.role,
docex/src/docex/emit/hcl.py	541	core_service	IDENT	high	codebase	service=svc.core_service or svc.name, role=svc.role,
docex/src/docex/emit/hcl.py	563	process type	SVC	high	core service(s)	``schema_owned_by_db`` on a single carrier process type, picked by a
docex/src/docex/emit/hcl.py	564	process type	SVC	high	core service(s)	"pick one process type" bridge that Mod 099 deleted outright. It has to
docex/src/docex/emit/hcl.py	583	core_service	IDENT	high	codebase	# on `core_service`: both are what migrate.py / release.py
docex/src/docex/emit/hcl.py	588	process type	SVC	high	core service(s)	# env. Inheriting a process type's `env:` overlay would make
docex/src/docex/emit/hcl.py	597	process type	SVC	high	core service(s)	# it names a process type that has nothing to do with the migration.
docex/src/docex/emit/hcl.py	607	process type	SVC	high	core service(s)	# process type's. NOT optional bookkeeping: `aws_cloudwatch_log_group`
docex/src/docex/emit/hcl.py	624	process type	SVC	high	core service(s)	# size cannot move because an unrelated process type was renamed or
docex/src/docex/emit/hcl.py	643	core_services	IDENT	high	codebases	where=f"core_services.{codebase}.processes.*.resources",
docex/src/docex/emit/hcl.py	655	core_service	IDENT	high	codebase	"environment", shape_name="core_service", descriptor="logs",
docex/src/docex/emit/hcl.py	674	process type	SVC	high	core service(s)	# carrier process type's values. A per-codebase artifact has neither —
docex/src/docex/emit/hcl.py	676	process type	SVC	high	core service(s)	# removal `procs[0]` is merely the alphabetically-first process type,
docex/src/docex/emit/hcl.py	683	core_service	IDENT	high	codebase	"environment", shape_name="core_service",
docex/src/docex/emit/hcl.py	753	core_service	IDENT	high	codebase	# populated at compile time with shape_name=core_service / descriptor
docex/src/docex/emit/hcl.py	801	core_service	IDENT	high	codebase	shape_name="core_service",
docex/src/docex/emit/hcl.py	805	core_service	IDENT	high	codebase	service=svc.core_service or svc.name,
docex/src/docex/emit/hcl.py	823	domain_default_process	KEY_FIELD	high	domain_default_service	# domain_default_process; prod's default service also picks up
docex/src/docex/emit/hcl.py	948	core_service	IDENT	high	codebase	service=svc.core_service or svc.name, role=svc.role,
docex/src/docex/emit/hcl.py	1020	core_service	IDENT	high	codebase	"environment", shape_name="core_service", descriptor="scheduler-role",
docex/src/docex/emit/hcl.py	1022	core_service	IDENT	high	codebase	service=svc.core_service or svc.name, role=svc.role,
docex/src/docex/emit/hcl.py	1356	core services	IDENT	high	codebases	# Order: backing services first, then core services. Alphabetical
docex/src/docex/emit/hcl.py	1369	core service	IDENT	high	codebase	# ALB listener rules need a unique priority per web-network core service.
docex/src/docex/emit/hcl.py	1403	domain_default_process	KEY_FIELD	high	domain_default_service	# Mod 048: bare-project host used by prod's `domain_default_process`
docex/src/docex/emit/secrets.py	21	core service	IDENT	high	codebase	then ``# <svc> (core service)`` blocks, then ``# <svc> (<engines>)``
docex/src/docex/emit/secrets.py	25	core_services	IDENT	high	codebases	if source in doc.core_services:
docex/src/docex/emit/secrets.py	26	core service	IDENT	high	codebase	return f"# {source} (core service)"
docex/src/docex/emit/tags.py	17	process type	SVC	high	core service(s)	# service process type; omitted for backing services, which have none
docex/src/docex/emit/templates/main.tf.j2	136	core services	IDENT	high	codebases	# Per Mod 013, both backing and core services flow through the same
docex/src/docex/emit/templates/main.tf.j2	147	process type	SVC	high	core service(s)	# per process type. Emitted here rather than inside the per-service loop
docex/src/docex/emit/templates/main.tf.j2	191	domain_default_process	KEY_FIELD	high	domain_default_service	# `domain_default_process` for user-URL ergonomics (replacing the old
docex/src/docex/emit/templates/project.tf.j2	591	core service	IDENT	high	codebase	# ECR repositories — one per core service. The image refs in each env's
docex/src/docex/errors.py	135	core service	IDENT	high	codebase	"""``docker buildx build`` for a core service exited non-zero."""
docex/src/docex/orchestrate/_common.py	10	core services	IDENT	high	codebases	* Enumerate the core services / schema-owning services.
docex/src/docex/orchestrate/_common.py	94	core_services	IDENT	high	codebases	def core_services(ctx: ProjectContext) -> list[str]:
docex/src/docex/orchestrate/_common.py	95	core service	IDENT	high	codebase	"""Return the codebase keys of every core service, sorted.
docex/src/docex/orchestrate/_common.py	107	core_services	IDENT	high	codebases	return sorted(ctx.infra.core_services or {})
docex/src/docex/orchestrate/_common.py	111	process type	SVC	high	core service(s)	"""Codebase keys with NO long-running process type, sorted.
docex/src/docex/orchestrate/_common.py	113	process type	SVC	high	core service(s)	Every process type of such a codebase is a ``scheduler``, so the
docex/src/docex/orchestrate/_common.py	134	core_services	IDENT	high	codebases	for name, svc in (ctx.infra.core_services or {}).items()
docex/src/docex/orchestrate/_common.py	141	core services	IDENT	high	codebases	"""Return core services that declare ``schema_owned_by``.
docex/src/docex/orchestrate/_common.py	145	core_services	IDENT	high	codebases	for determinism, matching ``core_services``.
docex/src/docex/orchestrate/_common.py	149	core service	IDENT	high	codebase	# A core service "owns a schema" by declaring schema_owned_by on
docex/src/docex/orchestrate/_common.py	151	core service	IDENT	high	codebase	# points at a core service.
docex/src/docex/orchestrate/_common.py	157	core services	IDENT	high	codebases	# Filter to those that are actually core services in the doc.
docex/src/docex/orchestrate/_common.py	158	core_services	IDENT	high	codebases	valid_core = set(core_services(ctx))
docex/src/docex/orchestrate/_common.py	167	process type	SVC	high	core service(s)	A codebase-keyed name has no process type and therefore no single role to
docex/src/docex/orchestrate/_common.py	168	process type	SVC	high	core service(s)	resolve an engine from. Every process type of the codebase must agree on
docex/src/docex/orchestrate/_common.py	182	process types	SVC	high	core service(s)	codebase, no process types, or no engine supporting ``foundation``); each
docex/src/docex/orchestrate/_common.py	184	process types	SVC	high	core service(s)	Raises when the process types *disagree*, which is never a fallback case:
docex/src/docex/orchestrate/_common.py	187	core_services	IDENT	high	codebases	core = (ctx.infra.core_services or {}).get(codebase) if ctx.infra else None
docex/src/docex/orchestrate/_common.py	191	process type	SVC	high	core service(s)	# policy name -> the first process type that resolved to it (for the
docex/src/docex/orchestrate/_common.py	194	proc_name	IDENT	high	service_name	for proc_name in sorted(core.processes):
docex/src/docex/orchestrate/_common.py	195	proc_name	IDENT	high	service_name	engines = tables.role(core.processes[proc_name].role)
docex/src/docex/orchestrate/_common.py	205	proc_name	IDENT	high	service_name	resolved.setdefault(entry.naming, proc_name)
docex/src/docex/orchestrate/_common.py	213	process types	SVC	high	core service(s)	f"core service {codebase!r}: its process types resolve to "
docex/src/docex/orchestrate/_common.py	213	core service	IDENT	high	codebase	f"core service {codebase!r}: its process types resolve to "
docex/src/docex/orchestrate/_common.py	229	process type	SVC	high	core service(s)	non-scheduler process type, and could resolve to the wrong container
docex/src/docex/orchestrate/_common.py	248	core service	IDENT	high	codebase	f"in {env!r}: it is not a core service in infra.yml, declares no "
docex/src/docex/orchestrate/_common.py	249	process types	SVC	high	core service(s)	f"process types, or none of its roles has an engine supporting "
docex/src/docex/orchestrate/build.py	29	core_services	IDENT	high	codebases	core_services,
docex/src/docex/orchestrate/build.py	46	core services	IDENT	high	codebases	"""Run ``build.sh`` for one or all core services.
docex/src/docex/orchestrate/build.py	48	core service	IDENT	high	codebase	``service=None`` builds every core service in deterministic order.
docex/src/docex/orchestrate/build.py	76	core_services	IDENT	high	codebases	all_cores = core_services(ctx)
docex/src/docex/orchestrate/build.py	82	core service	IDENT	high	codebase	f"service {service!r} is not a core service; "
docex/src/docex/orchestrate/build.py	83	core services	IDENT	high	codebases	f"known core services: {all_cores}"
docex/src/docex/orchestrate/migrate.py	7	process type	SVC	high	core service(s)	and does not depend on any process type's container being up.
docex/src/docex/orchestrate/migrate.py	216	core service	IDENT	high	codebase	2. For each ``services_with_schema(ctx)`` core service:
docex/src/docex/orchestrate/migrate.py	354	process types	SVC	high	core service(s)	property, resolved across all of the codebase's process types with an
docex/src/docex/orchestrate/migrate.py	357	process type	SVC	high	core service(s)	was read off a single carrier process type; that carrier is gone.
docex/src/docex/orchestrate/test.py	9	core service	IDENT	high	codebase	3. Run each core service's test.sh, collecting exit codes.
docex/src/docex/orchestrate/test.py	26	core_services	IDENT	high	codebases	core_services,
docex/src/docex/orchestrate/test.py	117	core service	IDENT	high	codebase	# 3. test.sh for each core service, in the codebase's exec service.
docex/src/docex/orchestrate/test.py	125	core_services	IDENT	high	codebases	for svc in core_services(ctx):
docex/src/docex/orchestrate/up.py	5	core service	IDENT	high	codebase	every schema-owning core service.
docex/src/docex/orchestrate/up.py	23	core_services	IDENT	high	codebases	core_services,
docex/src/docex/orchestrate/up.py	84	process type	SVC	high	core service(s)	process type, including a cron job. Two facts make that invariant
docex/src/docex/orchestrate/up.py	123	core service	IDENT	high	codebase	f"docker build --target dev for core service {svc!r} "
docex/src/docex/orchestrate/up.py	162	core service	IDENT	high	codebase	report a core service, so an unhealthy backing service — the single most
docex/src/docex/orchestrate/up.py	199	core service	IDENT	high	codebase	# 1a. Dev only: pre-populate the host dist/ for each core service
docex/src/docex/orchestrate/up.py	213	process type	SVC	high	core service(s)	# process type still needs its host-side dist/ pre-populated.
docex/src/docex/orchestrate/up.py	215	core_services	IDENT	high	codebases	for svc in core_services(ctx):
docex/src/docex/orchestrate/up.py	227	process type	SVC	high	core service(s)	# declares a long-running process type needs nothing: `compose up
docex/src/docex/pipeline/check.py	37	ProcessType	IDENT	high	CoreService	from docex.cicl.model import CICLDocument, ProcessRef, ProcessType  # noqa: F401
docex/src/docex/pipeline/check.py	37	ProcessRef	IDENT	high	ServiceRef	from docex.cicl.model import CICLDocument, ProcessRef, ProcessType  # noqa: F401
docex/src/docex/pipeline/check.py	43	core_services	IDENT	high	codebases	from docex.orchestrate._common import core_services, services_with_schema
docex/src/docex/pipeline/check.py	120	process type	SVC	high	core service(s)	"""``(format, role_recognized)`` for a provider process type.
docex/src/docex/pipeline/check.py	144	core_services	IDENT	high	codebases	`core_services` key purely because the codebase happens to be the first segment
docex/src/docex/pipeline/check.py	165	_resolve_process	IDENT	high	_*_service	def _resolve_process(
docex/src/docex/pipeline/check.py	167	ProcessType	IDENT	high	CoreService	) -> tuple[str, str, ProcessType] | None:
docex/src/docex/pipeline/check.py	168	ProcessType	IDENT	high	CoreService	"""``"api.worker"`` → ``("api", "worker", <ProcessType>)`` if it names a real
docex/src/docex/pipeline/check.py	169	process type	SVC	high	core service(s)	core process type, else ``None``.
docex/src/docex/pipeline/check.py	176	ProcessRef	IDENT	high	ServiceRef	ref = ProcessRef.parse(dotted)
docex/src/docex/pipeline/check.py	179	core_services	IDENT	high	codebases	svc = infra.core_services.get(ref.service)
docex/src/docex/pipeline/check.py	351	process types	SVC	high	core service(s)	process types)**, minus `scheduler` process types. Both arms are load-bearing:
docex/src/docex/pipeline/check.py	351	process types	SVC	high	core service(s)	process types)**, minus `scheduler` process types. Both arms are load-bearing:
docex/src/docex/pipeline/check.py	376	all_processes	IDENT	high	*_service	for _s, _p, _svc, proc in infra.all_processes():
docex/src/docex/pipeline/check.py	382	proc_name	IDENT	high	service_name	for svc_name, proc_name, _svc, proc in infra.all_processes():
docex/src/docex/pipeline/check.py	382	all_processes	IDENT	high	*_service	for svc_name, proc_name, _svc, proc in infra.all_processes():
docex/src/docex/pipeline/check.py	383	process types	SVC	high	core service(s)	# contracts.md § Health Checks: `scheduler` process types are exempt.
docex/src/docex/pipeline/check.py	389	ProcessRef	IDENT	high	ServiceRef	label = ProcessRef(svc_name, proc_name).dotted
docex/src/docex/pipeline/check.py	389	proc_name	IDENT	high	service_name	label = ProcessRef(svc_name, proc_name).dotted
docex/src/docex/pipeline/check.py	397	proc_name	IDENT	high	service_name	candidate = contracts_dir / f"{svc_name}.{proc_name}.{fmt}.yml"
docex/src/docex/pipeline/check.py	420	process types	SVC	high	core service(s)	else "no provider process types — nothing to check"
docex/src/docex/pipeline/check.py	434	process type	SVC	high	core service(s)	Three things, per process type:
docex/src/docex/pipeline/check.py	437	process type	SVC	high	core service(s)	health says *every* long-running process type serves it; a `worker` is not
docex/src/docex/pipeline/check.py	441	process type	SVC	high	core service(s)	2. **Fan-out** — every `web`-network process type declares
docex/src/docex/pipeline/check.py	456	process type	SVC	high	core service(s)	constrains a process type that *has* `health_check_path`; this requires a
docex/src/docex/pipeline/check.py	459	process types	SVC	high	core service(s)	`scheduler` process types are exempt throughout.
docex/src/docex/pipeline/check.py	473	proc_name	IDENT	high	service_name	svc, proc_name, fmt = parsed
docex/src/docex/pipeline/check.py	474	proc_name	IDENT	high	service_name	resolved = _resolve_process(infra, f"{svc}.{proc_name}")
docex/src/docex/pipeline/check.py	474	_resolve_process	IDENT	high	_*_service	resolved = _resolve_process(infra, f"{svc}.{proc_name}")
docex/src/docex/pipeline/check.py	476	process type	SVC	high	core service(s)	continue  # contract for an unknown process type — skip
docex/src/docex/pipeline/check.py	495	process type	SVC	high	core service(s)	f"— every long-running process type serves it)"
docex/src/docex/pipeline/check.py	501	_resolve_process	IDENT	high	_*_service	target = _resolve_process(infra, dotted)
docex/src/docex/pipeline/check.py	513	proc_name	IDENT	high	service_name	f"{svc}.{proc_name} consumes non-web {dotted})"
docex/src/docex/pipeline/check.py	516	process type	SVC	high	core service(s)	# --- 3: what the consumed process type's FIELDS must declare --------
docex/src/docex/pipeline/check.py	520	proc_name	IDENT	high	service_name	for svc_name, proc_name, _svc, proc in infra.all_processes():
docex/src/docex/pipeline/check.py	520	all_processes	IDENT	high	*_service	for svc_name, proc_name, _svc, proc in infra.all_processes():
docex/src/docex/pipeline/check.py	522	_resolve_process	IDENT	high	_*_service	target = _resolve_process(infra, dotted)
docex/src/docex/pipeline/check.py	535	ProcessRef	IDENT	high	ServiceRef	entry[1].add(ProcessRef(svc_name, proc_name).dotted)
docex/src/docex/pipeline/check.py	535	proc_name	IDENT	high	service_name	entry[1].add(ProcessRef(svc_name, proc_name).dotted)
docex/src/docex/pipeline/check.py	574	core service	IDENT	high	codebase	Scope is every core service that declares ``health_check_path`` —
docex/src/docex/pipeline/check.py	576	core service	IDENT	high	codebase	core service that declares a ``health_check_path`` must carry ``curl``."
docex/src/docex/pipeline/check.py	593	core_services	IDENT	high	codebases	for name in sorted(infra.core_services):
docex/src/docex/pipeline/check.py	594	core_services	IDENT	high	codebases	svc = infra.core_services[name]
docex/src/docex/pipeline/check.py	595	ProcessType	IDENT	high	CoreService	# ``extra="allow"`` on ProcessType surfaces role fields like
docex/src/docex/pipeline/check.py	597	process type	SVC	high	core service(s)	# ``role: web`` declares the field, but such a process type may sit on
docex/src/docex/pipeline/check.py	601	PROCESS TYPE	SVC	high	core service(s)	# Mod 096: read the PROCESS TYPE. A `getattr(svc, ...)` against the
docex/src/docex/pipeline/check.py	602	CoreService	IDENT	high	Codebase	# CoreService goes permanently None once the field is process-scoped,
docex/src/docex/pipeline/check.py	602	process-scoped	SVC	high	service-scoped	# CoreService goes permanently None once the field is process-scoped,
docex/src/docex/pipeline/check.py	605	process type	SVC	high	core service(s)	# one qualifying entry per codebase — any process type declaring the
docex/src/docex/pipeline/check.py	660	core service	IDENT	high	codebase	"""``build.sh`` and ``test.sh`` for every core service; ``migrate.sh``
docex/src/docex/pipeline/check.py	663	core_services	IDENT	high	codebases	services = core_services(ctx)
docex/src/docex/pipeline/containerize.py	1	core service	IDENT	high	codebase	"""``docex containerize`` — build + push core service prod images.
docex/src/docex/pipeline/containerize.py	8	core service	IDENT	high	codebase	3. For each core service: ``docker buildx build --target prod`` then
docex/src/docex/pipeline/containerize.py	34	core_services	IDENT	high	codebases	from docex.orchestrate._common import core_services
docex/src/docex/pipeline/containerize.py	59	core service	IDENT	high	codebase	"""Build + push prod images for every core service. Returns exit code.
docex/src/docex/pipeline/containerize.py	126	core_services	IDENT	high	codebases	services = core_services(ctx)
docex/src/docex/pipeline/containerize.py	128	core services	IDENT	high	codebases	print("containerize: no core services declared; nothing to do.")
docex/src/docex/pipeline/containerize.py	149	core service	IDENT	high	codebase	f"error: {dockerfile} missing — core service {svc!r} "
docex/src/docex/pipeline/projinfra.py	177	core_services	IDENT	high	codebases	core_names = sorted((ctx.infra.core_services or {}) if ctx.infra else {})
docex/src/docex/pipeline/release.py	243	process type	SVC	high	core service(s)	# WHY: a `scheduler` process type emits no `ecs_service`, so there is
docex/src/docex/pipeline/release.py	575	process type	SVC	high	core service(s)	# Mod 109: after the FINAL apply on both branches — a new process type can
docex/src/docex/pipeline/rollback.py	10	core service	IDENT	high	codebase	target's CICL generation + every core service's image present in
docex/src/docex/pipeline/rollback.py	40	core_services	IDENT	high	codebases	from docex.orchestrate._common import core_services
docex/src/docex/pipeline/rollback.py	328	core service	IDENT	high	codebase	"""Probe every core service's image at ``target_version``.
docex/src/docex/pipeline/rollback.py	351	core_services	IDENT	high	codebases	for svc in core_services(ctx):
docex/tables/README.md	14	core service	KEEP	high	(unchanged)	web.yml             # core service container role (both foundations)
docex/tables/roles/scheduler.yml	3	process type	SVC	high	core service(s)	# Core service process type run on a cron schedule (a job), not a
docex/tables/roles/scheduler.yml	3	Core service	IDENT	high	codebase	# Core service process type run on a cron schedule (a job), not a
docex/tables/roles/scheduler.yml	5	process type	SVC	high	core service(s)	# contract: the process type declares a `command` and a `schedule`, and
docex/tables/roles/scheduler.yml	7	core service	IDENT	high	codebase	# schedule, with the same resolved env-and-secret surface any core service
docex/tables/roles/scheduler.yml	8	process type	SVC	high	core service(s)	# process type of that env gets.
docex/tables/roles/scheduler.yml	29	process type	SVC	high	core service(s)	description: "Core service process type run on a cron schedule (a job), not a long-running server."
docex/tables/roles/scheduler.yml	29	Core service	IDENT	high	codebase	description: "Core service process type run on a cron schedule (a job), not a long-running server."
docex/tables/roles/scheduler.yml	47	Core service	IDENT	high	codebase	# Core service: ECS task on elastic, docker container on fixed.
docex/tables/roles/web.yml	16	process type	SVC	high	core service(s)	description: "Core service process type — the project's own code, served behind the reverse proxy."
docex/tables/roles/web.yml	16	Core service	IDENT	high	codebase	description: "Core service process type — the project's own code, served behind the reverse proxy."
docex/tables/roles/web.yml	55	Core service	IDENT	high	codebase	# Core service: ECS task/service on elastic, docker container on fixed.
docex/tables/roles/worker.yml	3	process type	SVC	high	core service(s)	# Core service process type — long-running, event-driven, never publicly
docex/tables/roles/worker.yml	3	Core service	IDENT	high	codebase	# Core service process type — long-running, event-driven, never publicly
docex/tables/roles/worker.yml	18	process type	SVC	high	core service(s)	description: "Core service process type — long-running, event-driven, not publicly routed."
docex/tables/roles/worker.yml	18	Core service	IDENT	high	codebase	description: "Core service process type — long-running, event-driven, not publicly routed."
docex/test_projects/PRE_CUT_CHECKLIST.md	79	domain_default_process	KEY_FIELD	high	domain_default_service	- [ ] `docex-smoke-fixed.luxrnd.tech           A → $DEV_IP` (bare-project; routes prod's `domain_default_process`)
docex/test_projects/PRE_CUT_CHECKLIST.md	83	process-type	SVC	high	core service(s)	**No new records are needed for the CICL-v2 process-type migration.** The per-env `*.<env>.…` wildcards above already cover the new two-segment hostna
docex/test_projects/PRE_CUT_CHECKLIST.md	168	domain_default_process	KEY_FIELD	high	domain_default_service	- [ ] **B.3 `infra.yml` shape** — declares `cicl_version: "2"`; `apex_domain` as a bare apex (no project segment); `domain_default_process` as a **dot
docex/test_projects/PRE_CUT_CHECKLIST.md	169	process type	SVC	high	core service(s)	- [ ] **B.3.1 `processes:` on every core service** — present and **non-empty** on each. There is no flat form and no single-process shorthand. The ser
docex/test_projects/PRE_CUT_CHECKLIST.md	169	Process Types	SVC	high	core service(s)	- [ ] **B.3.1 `processes:` on every core service** — present and **non-empty** on each. There is no flat form and no single-process shorthand. The ser
docex/test_projects/PRE_CUT_CHECKLIST.md	169	process-types	SVC	high	core service(s)	- [ ] **B.3.1 `processes:` on every core service** — present and **non-empty** on each. There is no flat form and no single-process shorthand. The ser
docex/test_projects/PRE_CUT_CHECKLIST.md	169	core service	AMBIG	low	codebase? or KEEP?	- [ ] **B.3.1 `processes:` on every core service** — present and **non-empty** on each. There is no flat form and no single-process shorthand. The ser
docex/test_projects/PRE_CUT_CHECKLIST.md	170	${core_services.api.worker.host}	REF	high	${codebases.<cb>.core_services.<svc>.<part>}	- [ ] **B.3.2 `depends_on` names backing services only** — a core process type in a `depends_on` list is an error (rule 24). Core→core interface edges
docex/test_projects/PRE_CUT_CHECKLIST.md	170	process type	SVC	high	core service(s)	- [ ] **B.3.2 `depends_on` names backing services only** — a core process type in a `depends_on` list is an error (rule 24). Core→core interface edges
docex/test_projects/PRE_CUT_CHECKLIST.md	170	core service	AMBIG	low	codebase? or KEEP?	- [ ] **B.3.2 `depends_on` names backing services only** — a core process type in a `depends_on` list is an error (rule 24). Core→core interface edges
docex/test_projects/PRE_CUT_CHECKLIST.md	170	core_services	AMBIG	low	codebase? or KEEP?	- [ ] **B.3.2 `depends_on` names backing services only** — a core process type in a `depends_on` list is an error (rule 24). Core→core interface edges
docex/test_projects/PRE_CUT_CHECKLIST.md	173	Core service	AMBIG	mixed	codebase? or KEEP?	- [ ] **B.6 Core service Dockerfiles** — every core service has a Dockerfile with `build`, `dev`, `prod`, `test` stages. Per [`infrastructure.md § Cor
docex/test_projects/PRE_CUT_CHECKLIST.md	173	core service	AMBIG	mixed	codebase? or KEEP?	- [ ] **B.6 Core service Dockerfiles** — every core service has a Dockerfile with `build`, `dev`, `prod`, `test` stages. Per [`infrastructure.md § Cor
docex/test_projects/PRE_CUT_CHECKLIST.md	173	Core Service	AMBIG	mixed	codebase? or KEEP?	- [ ] **B.6 Core service Dockerfiles** — every core service has a Dockerfile with `build`, `dev`, `prod`, `test` stages. Per [`infrastructure.md § Cor
docex/test_projects/PRE_CUT_CHECKLIST.md	174	process type	SVC	high	core service(s)	- [ ] **B.7 Core service scripts** — scripts are per **codebase**, never per process type: every core service has one `build.sh` and one `test.sh` (wh
docex/test_projects/PRE_CUT_CHECKLIST.md	174	process type	SVC	high	core service(s)	- [ ] **B.7 Core service scripts** — scripts are per **codebase**, never per process type: every core service has one `build.sh` and one `test.sh` (wh
docex/test_projects/PRE_CUT_CHECKLIST.md	174	process-type	SVC	high	core service(s)	- [ ] **B.7 Core service scripts** — scripts are per **codebase**, never per process type: every core service has one `build.sh` and one `test.sh` (wh
docex/test_projects/PRE_CUT_CHECKLIST.md	174	Core service	CB	high	codebase	- [ ] **B.7 Core service scripts** — scripts are per **codebase**, never per process type: every core service has one `build.sh` and one `test.sh` (wh
docex/test_projects/PRE_CUT_CHECKLIST.md	174	core service	CB	high	codebase	- [ ] **B.7 Core service scripts** — scripts are per **codebase**, never per process type: every core service has one `build.sh` and one `test.sh` (wh
docex/test_projects/PRE_CUT_CHECKLIST.md	175	process-scoped	SVC	high	service-scoped	- [ ] **B.7.1 The three shims read service-level `env:` only** — `migrate.sh`, `test.sh`, and `build.sh` are invoked per codebase, so a process-scoped
docex/test_projects/PRE_CUT_CHECKLIST.md	175	process-scoped	SVC	high	service-scoped	- [ ] **B.7.1 The three shims read service-level `env:` only** — `migrate.sh`, `test.sh`, and `build.sh` are invoked per codebase, so a process-scoped
docex/test_projects/PRE_CUT_CHECKLIST.md	177	process type	SVC	high	core service(s)	- [ ] **B.9 Provider contracts present** — every provider has a contract at `infra/contracts/<svc>.<proc>.<format>.yml`. The path is keyed on the **pr
docex/test_projects/PRE_CUT_CHECKLIST.md	177	process types	SVC	high	core service(s)	- [ ] **B.9 Provider contracts present** — every provider has a contract at `infra/contracts/<svc>.<proc>.<format>.yml`. The path is keyed on the **pr
docex/test_projects/PRE_CUT_CHECKLIST.md	177	process types	SVC	high	core service(s)	- [ ] **B.9 Provider contracts present** — every provider has a contract at `infra/contracts/<svc>.<proc>.<format>.yml`. The path is keyed on the **pr
docex/test_projects/PRE_CUT_CHECKLIST.md	178	process type	SVC	high	core service(s)	- [ ] **B.10 Health endpoints declared** — health is per **process type**, and it has three parts:
docex/test_projects/PRE_CUT_CHECKLIST.md	179	process type	SVC	high	core service(s)	- **Self health.** Every long-running process type serves `GET /health` on its own `port`, returning `{version: "x.x.x"}`. Every OpenAPI contract must
docex/test_projects/PRE_CUT_CHECKLIST.md	180	process type	SVC	high	core service(s)	- **Fan-out.** Every `web`-network process type declares `GET /health/<svc>/<proc>` — **two** path segments, not the old one-segment form — once per `
docex/test_projects/PRE_CUT_CHECKLIST.md	183	process types	SVC	high	core service(s)	`scheduler` process types are **exempt throughout** — there is no long-running container to probe.
docex/test_projects/PRE_CUT_CHECKLIST.md	185	process type	SVC	high	core service(s)	A process type that owns a **loop** rather than a request cycle must report the *loop's* liveness, not the process's: an in-process **monotonic tick**
docex/test_projects/PRE_CUT_CHECKLIST.md	186	core service	CB	high	codebase	- [ ] **B.11 Hex layout** — each core service contains **exactly one** `src/root.py` (composition root — never `root_web.py` / `root_worker.py`, which
docex/test_projects/PRE_CUT_CHECKLIST.md	187	process type	SVC	high	core service(s)	- [ ] **B.11.1 `src/entrypoints/` present, one module per process type** — and each process type's `command` in `infra.yml` invokes exactly one of the
docex/test_projects/PRE_CUT_CHECKLIST.md	187	process type	SVC	high	core service(s)	- [ ] **B.11.1 `src/entrypoints/` present, one module per process type** — and each process type's `command` in `infra.yml` invokes exactly one of the
docex/test_projects/PRE_CUT_CHECKLIST.md	187	process types	SVC	high	core service(s)	- [ ] **B.11.1 `src/entrypoints/` present, one module per process type** — and each process type's `command` in `infra.yml` invokes exactly one of the
docex/test_projects/PRE_CUT_CHECKLIST.md	190	process type	SVC	high	core service(s)	- [ ] **B.14 Foundation-irrelevant code parity** — `diff -r test_projects/fixed/core test_projects/elastic/core` produces no output (other than `__pyc
docex/test_projects/PRE_CUT_CHECKLIST.md	221	process types	PROTECTED_NEARBY	review	core service(s)	- [ ] `./bin/docex test` — exits 0. One test run per **codebase** (`api`, `reaper`), each covering every module that codebase's process types drive — 
docex/test_projects/PRE_CUT_CHECKLIST.md	243	process type	SVC	high	core service(s)	> **Do not skip this step.** `replicas` is honoured in **`prod` only** — it clamps to 1 in `dev`, `test`, and `stage`, and every integration test runs
docex/test_projects/PRE_CUT_CHECKLIST.md	245	domain_default_process	KEY_FIELD	high	domain_default_service	- [ ] `./bin/docex release prod` — completes. Three URLs must all return 200 with the same `version` field (prod's `domain_default_process`, `api.web`
docex/test_projects/PRE_CUT_CHECKLIST.md	247	domain_default_process	KEY_FIELD	high	domain_default_service	- `https://prod.docex-smoke-fixed.luxrnd.tech/health` (bare-env → `domain_default_process`)
docex/test_projects/PRE_CUT_CHECKLIST.md	248	domain_default_process	KEY_FIELD	high	domain_default_service	- `https://docex-smoke-fixed.luxrnd.tech/health` (bare-project → prod's bare env → `domain_default_process`)
docex/test_projects/PRE_CUT_CHECKLIST.md	306	process type	SVC	high	core service(s)	> **`docex build` is required first on a fresh or restructured codebase.** The dev compose bind-mounts `./core/<svc>/dist:/service/dist`, so the **hos
docex/test_projects/PRE_CUT_CHECKLIST.md	333	process type	SVC	high	core service(s)	- [ ] Exactly **one** `…-migrate` task-definition family exists for the `api` codebase — not one per process type — and none for `reaper` (it owns no 
docex/test_projects/PRE_CUT_CHECKLIST.md	345	domain_default_process	KEY_FIELD	high	domain_default_service	- `https://prod.docex-smoke-elastic.luxrnd.tech/health` (bare-env → `domain_default_process`)
docex/test_projects/PRE_CUT_CHECKLIST.md	346	domain_default_process	KEY_FIELD	high	domain_default_service	- `https://docex-smoke-elastic.luxrnd.tech/health` (bare-project → prod's bare env → `domain_default_process`)
docex/test_projects/PRE_CUT_CHECKLIST.md	347	process type	SVC	high	core service(s)	- [ ] `https://docex-smoke-elastic.luxrnd.tech/health/api/worker` returns 200 with a matching `version`. On elastic this additionally proves Service C
docex/test_projects/PRE_CUT_CHECKLIST.md	374	process type	SVC	high	core service(s)	> - **The elastic `desired_count > 1` path (D.11).** Same clamp, same consequence, and the first place a process type that does not tolerate siblings 
docex/test_projects/PRE_CUT_CHECKLIST.md	376	process type	SVC	high	core service(s)	> A process type that cannot run alongside a copy of itself therefore first surfaces in **production**. That is a known limitation of the prod-only cl
docex/test_projects/elastic/CHANGELOG.md	42	process types	FROZEN_HISTORY	policy	(append 1.7.0 entry only)	- **Migrated to `cicl_version: "2"`** — process types. The two core services
docex/test_projects/elastic/CHANGELOG.md	42	core services	FROZEN_HISTORY	policy	(append 1.7.0 entry only)	- **Migrated to `cicl_version: "2"`** — process types. The two core services
docex/test_projects/elastic/CHANGELOG.md	47	process type	FROZEN_HISTORY	policy	(append 1.7.0 entry only)	its name and gains one process type named after the job, `reaper.prune`.
docex/test_projects/elastic/CHANGELOG.md	52	domain_default_process	FROZEN_HISTORY	policy	(append 1.7.0 entry only)	- `domain_default_service: web` → `domain_default_process: api.web`, dotted and
docex/test_projects/elastic/CHANGELOG.md	54	process type	FROZEN_HISTORY	policy	(append 1.7.0 entry only)	a process type.
docex/test_projects/elastic/CHANGELOG.md	56	process types	FROZEN_HISTORY	policy	(append 1.7.0 entry only)	sit at the `api` service level (both process types need a database), while the
docex/test_projects/elastic/CHANGELOG.md	58	process type	FROZEN_HISTORY	policy	(append 1.7.0 entry only)	oblige *every* process type to declare the edge (rule 7), forcing the worker
docex/test_projects/elastic/CHANGELOG.md	64	core services	FROZEN_HISTORY	policy	(append 1.7.0 entry only)	carries a note that `command` supersedes it for core services. The `reaper`
docex/test_projects/elastic/CHANGELOG.md	76	process type	FROZEN_HISTORY	policy	(append 1.7.0 entry only)	- **`src/entrypoints/`** in both codebases, one module per process type, per
docex/test_projects/elastic/CHANGELOG.md	119	core service	FROZEN_HISTORY	policy	(append 1.7.0 entry only)	- New `reaper` **scheduler** core service — a cron job (`0 3 * * *`) that prunes
docex/test_projects/elastic/core/api/Dockerfile	1	core service	AMBIG	low	codebase? or KEEP?	# api — Python core service, multi-stage build per doctrine
docex/test_projects/elastic/core/api/Dockerfile	2	Core Service	KEEP	high	(unchanged)	# (infrastructure.md § Core Service Containers).
docex/test_projects/elastic/core/api/Dockerfile	4	process types	SVC	high	core service(s)	# ONE image, TWO process types: `api.web` (uvicorn edge) and `api.worker`
docex/test_projects/elastic/core/api/Dockerfile	21	process types	SVC	high	core service(s)	# BOTH process types need it now: `api.worker` also declares
docex/test_projects/elastic/core/api/Dockerfile	35	process type	SVC	high	core service(s)	# image rather than installing Go. Once per CODEBASE, not per process type:
docex/test_projects/elastic/core/api/Dockerfile	63	Process Types	SVC	high	core service(s)	# type and supersedes the Dockerfile CMD (cicl.md § Process Types), which
docex/test_projects/elastic/core/api/Dockerfile	64	process types	SVC	high	core service(s)	# is deliberately irrelevant for core services — with two process types on
docex/test_projects/elastic/core/api/Dockerfile	64	core services	AMBIG	low	codebase? or KEEP?	# is deliberately irrelevant for core services — with two process types on
docex/test_projects/elastic/core/api/Dockerfile	79	process type	SVC	high	core service(s)	# See the WHY on the dev stage: overridden by each process type's `command`.
docex/test_projects/elastic/core/api/Dockerfile	87	process types	SVC	high	core service(s)	# One test suite per codebase — test.sh runs both process types' tests.
docex/test_projects/elastic/core/api/build.sh	4	process type	SVC	high	core service(s)	# One build per CODEBASE, shared by every process type it declares.
docex/test_projects/elastic/core/api/migrate.sh	5	process type	SVC	high	core service(s)	# Runs once per CODEBASE (`schema_owned_by: api`), never per process type.
docex/test_projects/elastic/core/api/migrate.sh	8	process-scoped	SVC	high	service-scoped	# reason. A process-scoped var (SIDECAR_HOST, WORKER_HOST) would simply be
docex/test_projects/elastic/core/api/src/entrypoints/web.py	1	process type	SVC	high	core service(s)	"""Entrypoint for the `web` process type of the `api` codebase.
docex/test_projects/elastic/core/api/src/entrypoints/worker.py	1	process type	SVC	high	core service(s)	"""Entrypoint for the `worker` process type of the `api` codebase.
docex/test_projects/elastic/core/api/src/entrypoints/worker.py	3	process type	SVC	high	core service(s)	Owns the three things a loop-owning process type owes and an adapter must
docex/test_projects/elastic/core/api/src/entrypoints/worker.py	41	process type	SVC	high	core service(s)	# Health port. Must match infra.yml's `port: 8081` on this process type —
docex/test_projects/elastic/core/api/src/root.py	1	core service	IDENT	high	codebase	"""Composition root for the `api` core service.
docex/test_projects/elastic/core/api/src/root.py	10	process type	SVC	high	core service(s)	one module per process type (`web`, `worker`).
docex/test_projects/elastic/core/api/src/root.py	48	core_services	IDENT	high	codebases	# Four-segment core magic refs — ${core_services.api.worker.{host,port}}.
docex/test_projects/elastic/core/api/src/root.py	49	process type	SVC	high	core service(s)	# Declared on the `api.web` process type's env only, which is exactly what
docex/test_projects/elastic/core/api/src/root.py	73	process type	SVC	high	core service(s)	"""Construct the `api.web` process type's graph and return its app.
docex/test_projects/elastic/core/api/src/root.py	89	process type	SVC	high	core service(s)	# Health check — doctrine-mandated for every long-running process type.
docex/test_projects/elastic/core/api/src/root.py	125	process type	SVC	high	core service(s)	# `web`-network process type to expose the health of each `consumes`
docex/test_projects/elastic/core/api/src/root.py	153	process type	SVC	high	core service(s)	"""Construct the `api.worker` process type's graph.
docex/test_projects/elastic/core/api/test.sh	3	process type	SVC	high	core service(s)	# One suite per codebase, not per process type: this runs both
docex/test_projects/elastic/core/api/tests/test_processor_smoke.py	3	process type	PROTECTED_NEARBY	review	core service(s)	`processor` is the module the `api.worker` process type drives. Verifies
docex/test_projects/elastic/core/api/tests/test_smoke.py	1	process type	SVC	high	core service(s)	"""Smoke tests for the `api.web` process type.
docex/test_projects/elastic/core/api/tests/test_smoke.py	6	process types	SVC	high	core service(s)	One image, two process types: `test.sh` runs this file and
docex/test_projects/elastic/core/reaper/Dockerfile	1	core service	AMBIG	low	codebase? or KEEP?	# reaper — Python scheduler core service, multi-stage build per doctrine.
docex/test_projects/elastic/core/reaper/Dockerfile	2	process type	SVC	high	core service(s)	# One codebase, one process type: `reaper.prune`, a run-to-completion job
docex/test_projects/elastic/core/reaper/Dockerfile	4	process types	SVC	high	core service(s)	# /health (scheduler process types are exempt from the health model), no
docex/test_projects/elastic/core/reaper/Dockerfile	41	process type	SVC	high	core service(s)	# WHY: never what runs. `command` is required on every process type and
docex/test_projects/elastic/core/reaper/Dockerfile	42	Process Types	SVC	high	core service(s)	# supersedes the Dockerfile CMD (cicl.md § Process Types); for a scheduler
docex/test_projects/elastic/core/reaper/Dockerfile	53	process type	SVC	high	core service(s)	# See the WHY on the dev stage: overridden by the process type's `command`.
docex/test_projects/elastic/core/reaper/src/entrypoints/prune.py	1	process type	SVC	high	core service(s)	"""Entrypoint for the `prune` process type of the `reaper` codebase.
docex/test_projects/elastic/core/reaper/src/entrypoints/prune.py	4	process types	SVC	high	core service(s)	tick and no health server — `scheduler` process types are **exempt** from
docex/test_projects/elastic/core/reaper/src/root.py	1	core service	IDENT	high	codebase	"""Composition root for the `reaper` core service.
docex/test_projects/elastic/core/reaper/src/root.py	7	process type	SVC	high	core service(s)	module the `reaper.prune` process type's `command` invokes.
docex/test_projects/elastic/core/reaper/src/root.py	45	process type	SVC	high	core service(s)	"""Construct the `reaper.prune` process type's graph, un-run."""
docex/test_projects/elastic/infra/config/README.md	4	core service	AMBIG	low	codebase? or KEEP?	Keys are **declared** in each core service's `config:` block in `infra.yml`
docex/test_projects/elastic/infra/contracts/api.web.openapi.yml	1	process type	SVC	high	core service(s)	# OpenAPI contract for the `api.web` process type.
docex/test_projects/elastic/infra/contracts/api.web.openapi.yml	3	process type	SVC	high	core service(s)	# The path is keyed on the process type — <svc>.<proc>.<format>.yml — not
docex/test_projects/elastic/infra/contracts/api.web.openapi.yml	8	process type	SVC	high	core service(s)	# the running process type (provider-side contract testing).
docex/test_projects/elastic/infra/contracts/api.web.openapi.yml	11	process type	SVC	high	core service(s)	#   - GET /health is mandatory for every long-running process type.
docex/test_projects/elastic/infra/contracts/api.web.openapi.yml	21	process types	SVC	high	core service(s)	#     are backing services, not core process types). They're declared here
docex/test_projects/elastic/infra/contracts/api.web.openapi.yml	30	process type	SVC	high	core service(s)	Test-project web process type for the doctrine smoke test. POST a
docex/test_projects/elastic/infra/contracts/api.web.openapi.yml	31	process type	SVC	high	core service(s)	payload to /pings, the `api.worker` process type picks it up via
docex/test_projects/elastic/infra/contracts/api.web.openapi.yml	37	domain_default_process	KEY_FIELD	high	domain_default_service	description: prod (bare-project → prod's bare env → domain_default_process)
docex/test_projects/elastic/infra/contracts/api.web.openapi.yml	41	domain_default_process	KEY_FIELD	high	domain_default_service	description: stage (bare-env → domain_default_process)
docex/test_projects/elastic/infra/contracts/api.web.openapi.yml	84	process type	SVC	high	core service(s)	# Doctrine-required health fan-out onto the `api.worker` process type.
docex/test_projects/elastic/infra/contracts/api.web.openapi.yml	89	process type	SVC	high	core service(s)	summary: Liveness of the `api.worker` process type (consumes fan-out).
docex/test_projects/elastic/infra/contracts/api.worker.asyncapi.yml	1	process type	SVC	high	core service(s)	# AsyncAPI contract for the `api.worker` process type.
docex/test_projects/elastic/infra/contracts/api.worker.asyncapi.yml	35	process type	SVC	high	core service(s)	Test-project worker process type for the doctrine smoke test. Claims
docex/test_projects/elastic/infra/contracts/api.worker.asyncapi.yml	38	process type	SVC	high	core service(s)	the `api.web` process type.
docex/test_projects/elastic/infra/contracts/api.worker.asyncapi.yml	47	process type	PROTECTED_NEARBY	review	core service(s)	process type claims rows where `processed_at IS NULL`, oldest first,
docex/test_projects/elastic/infra/contracts/api.worker.asyncapi.yml	80	process type	PROTECTED_NEARBY	review	core service(s)	Null while unprocessed; stamped by this process type on a
docex/test_projects/elastic/infra/infra.yml	4	process type	SVC	high	core service(s)	# The web *process type* on the bare <env>.<project>.<apex> subdomain.
docex/test_projects/elastic/infra/infra.yml	5	core service	IDENT	high	codebase	# Dotted and fully qualified — a bare core service name has no answer,
docex/test_projects/elastic/infra/infra.yml	7	domain_default_process	KEY_FIELD	high	domain_default_service	domain_default_process: api.web
docex/test_projects/elastic/infra/infra.yml	15	process-type	SVC	high	core service(s)	# so `api` and `reaper` get one each regardless of process-type count.
docex/test_projects/elastic/infra/infra.yml	23	core_services:	KEY_TOP	high	codebases:	core_services:
docex/test_projects/elastic/infra/infra.yml	24	process types	SVC	high	core service(s)	# One codebase, one image, two process types. `web` and `worker` were two
docex/test_projects/elastic/infra/infra.yml	25	core services	IDENT	high	codebases	# separate core services before CICL v2, purely because there was no way
docex/test_projects/elastic/infra/infra.yml	29	process types	SVC	high	core service(s)	# Codebase-scoped: both process types run the same artifact and both
docex/test_projects/elastic/infra/infra.yml	31	process type	SVC	high	core service(s)	# into every process type. (cicl.md § Field scoping.)
docex/test_projects/elastic/infra/infra.yml	42	processes:	KEY_NEST	high	core_services:	processes:
docex/test_projects/elastic/infra/infra.yml	61	Process-scoped	SVC	high	service-scoped	# Process-scoped: only the web edge exposes /health/{probe,events},
docex/test_projects/elastic/infra/infra.yml	64	process type	SVC	high	core service(s)	# SERVICE-level ref would oblige EVERY process type to declare the
docex/test_projects/elastic/infra/infra.yml	77	${core_services.api.worker.host}	REF	high	${codebases.<cb>.core_services.<svc>.<part>}	WORKER_HOST: ${core_services.api.worker.host}
docex/test_projects/elastic/infra/infra.yml	77	core_services	IDENT	high	codebases	WORKER_HOST: ${core_services.api.worker.host}
docex/test_projects/elastic/infra/infra.yml	78	${core_services.api.worker.port}	REF	high	${codebases.<cb>.core_services.<svc>.<part>}	WORKER_PORT: ${core_services.api.worker.port}
docex/test_projects/elastic/infra/infra.yml	78	core_services	IDENT	high	codebases	WORKER_PORT: ${core_services.api.worker.port}
docex/test_projects/elastic/infra/infra.yml	121	processes:	KEY_NEST	high	core_services:	processes:
docex/test_projects/elastic/infra/infra.yml	147	process type	SVC	high	core service(s)	# Names a CODEBASE, never a process type — `migrate.sh` runs once per
docex/test_projects/elastic/infra/output/dev/docker-compose.yml	36	process_type	SVC	high	core service(s)	environment = OTEL_RESOURCE_ATTRIBUTES=service.namespace=docex_smoke_elastic,service.version=0.0.18,deployment.environment.name=dev,docex.core_service
docex/test_projects/elastic/infra/output/dev/docker-compose.yml	36	core_service	IDENT	high	codebase	environment = OTEL_RESOURCE_ATTRIBUTES=service.namespace=docex_smoke_elastic,service.version=0.0.18,deployment.environment.name=dev,docex.core_service
docex/test_projects/elastic/infra/output/dev/docker-compose.yml	86	core_service	IDENT	high	codebase	OTEL_RESOURCE_ATTRIBUTES: service.namespace=docex_smoke_elastic,service.version=0.0.18,deployment.environment.name=dev,docex.core_service=api
docex/test_projects/elastic/infra/output/dev/docker-compose.yml	131	process_type	SVC	high	core service(s)	OTEL_RESOURCE_ATTRIBUTES: service.namespace=docex_smoke_elastic,service.version=0.0.18,deployment.environment.name=dev,docex.core_service=api,docex.pr
docex/test_projects/elastic/infra/output/dev/docker-compose.yml	131	core_service	IDENT	high	codebase	OTEL_RESOURCE_ATTRIBUTES: service.namespace=docex_smoke_elastic,service.version=0.0.18,deployment.environment.name=dev,docex.core_service=api,docex.pr
docex/test_projects/elastic/infra/output/dev/docker-compose.yml	215	process_type	SVC	high	core service(s)	OTEL_RESOURCE_ATTRIBUTES: service.namespace=docex_smoke_elastic,service.version=0.0.18,deployment.environment.name=dev,docex.core_service=api,docex.pr
docex/test_projects/elastic/infra/output/dev/docker-compose.yml	215	core_service	IDENT	high	codebase	OTEL_RESOURCE_ATTRIBUTES: service.namespace=docex_smoke_elastic,service.version=0.0.18,deployment.environment.name=dev,docex.core_service=api,docex.pr
docex/test_projects/elastic/infra/output/dev/docker-compose.yml	321	core_service	IDENT	high	codebase	OTEL_RESOURCE_ATTRIBUTES: service.namespace=docex_smoke_elastic,service.version=0.0.18,deployment.environment.name=dev,docex.core_service=reaper
docex/test_projects/elastic/infra/output/prod/main.tf	172	core services	IDENT	high	codebases	# Per Mod 013, both backing and core services flow through the same
docex/test_projects/elastic/infra/output/prod/main.tf	377	core_service	IDENT	high	codebase	tags = { managed_by = "doctrine", infra_tier = "environment", shape_name = "core_service", descriptor = "logs", project = "docex_smoke_elastic", env =
docex/test_projects/elastic/infra/output/prod/main.tf	426	process_type	SVC	high	core service(s)	value = "service.namespace=docex_smoke_elastic,service.version=0.0.18,deployment.environment.name=prod,docex.core_service=api,docex.process_type=web"
docex/test_projects/elastic/infra/output/prod/main.tf	426	core_service	IDENT	high	codebase	value = "service.namespace=docex_smoke_elastic,service.version=0.0.18,deployment.environment.name=prod,docex.core_service=api,docex.process_type=web"
docex/test_projects/elastic/infra/output/prod/main.tf	495	core_service	IDENT	high	codebase	tags = { managed_by = "doctrine", infra_tier = "environment", shape_name = "core_service", descriptor = "task-def", project = "docex_smoke_elastic", e
docex/test_projects/elastic/infra/output/prod/main.tf	525	core_service	IDENT	high	codebase	tags = { managed_by = "doctrine", infra_tier = "environment", shape_name = "core_service", descriptor = "ecs-svc", project = "docex_smoke_elastic", en
docex/test_projects/elastic/infra/output/prod/main.tf	541	core_service	IDENT	high	codebase	tags = { managed_by = "doctrine", infra_tier = "environment", shape_name = "core_service", descriptor = "ALB-TG", project = "docex_smoke_elastic", env
docex/test_projects/elastic/infra/output/prod/main.tf	562	core_service	IDENT	high	codebase	tags = { managed_by = "doctrine", infra_tier = "environment", shape_name = "core_service", descriptor = "logs", project = "docex_smoke_elastic", env =
docex/test_projects/elastic/infra/output/prod/main.tf	605	process_type	SVC	high	core service(s)	value = "service.namespace=docex_smoke_elastic,service.version=0.0.18,deployment.environment.name=prod,docex.core_service=api,docex.process_type=worke
docex/test_projects/elastic/infra/output/prod/main.tf	605	core_service	IDENT	high	codebase	value = "service.namespace=docex_smoke_elastic,service.version=0.0.18,deployment.environment.name=prod,docex.core_service=api,docex.process_type=worke
docex/test_projects/elastic/infra/output/prod/main.tf	669	core_service	IDENT	high	codebase	tags = { managed_by = "doctrine", infra_tier = "environment", shape_name = "core_service", descriptor = "task-def", project = "docex_smoke_elastic", e
docex/test_projects/elastic/infra/output/prod/main.tf	694	core_service	IDENT	high	codebase	tags = { managed_by = "doctrine", infra_tier = "environment", shape_name = "core_service", descriptor = "ecs-svc", project = "docex_smoke_elastic", en
docex/test_projects/elastic/infra/output/prod/main.tf	701	core_service	IDENT	high	codebase	tags = { managed_by = "doctrine", infra_tier = "environment", shape_name = "core_service", descriptor = "logs", project = "docex_smoke_elastic", env =
docex/test_projects/elastic/infra/output/prod/main.tf	737	process_type	SVC	high	core service(s)	value = "service.namespace=docex_smoke_elastic,service.version=0.0.18,deployment.environment.name=prod,docex.core_service=reaper,docex.process_type=pr
docex/test_projects/elastic/infra/output/prod/main.tf	737	core_service	IDENT	high	codebase	value = "service.namespace=docex_smoke_elastic,service.version=0.0.18,deployment.environment.name=prod,docex.core_service=reaper,docex.process_type=pr
docex/test_projects/elastic/infra/output/prod/main.tf	762	core_service	IDENT	high	codebase	tags = { managed_by = "doctrine", infra_tier = "environment", shape_name = "core_service", descriptor = "task-def", project = "docex_smoke_elastic", e
docex/test_projects/elastic/infra/output/prod/main.tf	775	core_service	IDENT	high	codebase	tags = { managed_by = "doctrine", infra_tier = "environment", shape_name = "core_service", descriptor = "scheduler-role", project = "docex_smoke_elast
docex/test_projects/elastic/infra/output/prod/main.tf	826	process type	SVC	high	core service(s)	# per process type. Emitted here rather than inside the per-service loop
docex/test_projects/elastic/infra/output/prod/main.tf	833	core_service	IDENT	high	codebase	tags = { managed_by = "doctrine", infra_tier = "environment", shape_name = "core_service", descriptor = "logs", project = "docex_smoke_elastic", env =
docex/test_projects/elastic/infra/output/prod/main.tf	869	core_service	IDENT	high	codebase	value = "service.namespace=docex_smoke_elastic,service.version=0.0.18,deployment.environment.name=prod,docex.core_service=api"
docex/test_projects/elastic/infra/output/prod/main.tf	894	core_service	IDENT	high	codebase	tags = { managed_by = "doctrine", infra_tier = "environment", shape_name = "core_service", descriptor = "migrate-task-def", project = "docex_smoke_ela
docex/test_projects/elastic/infra/output/prod/main.tf	935	domain_default_process	KEY_FIELD	high	domain_default_service	# `domain_default_process` for user-URL ergonomics (replacing the old
docex/test_projects/elastic/infra/output/project/production/main.tf	338	core service	IDENT	high	codebase	# ECR repositories — one per core service. The image refs in each env's
docex/test_projects/elastic/infra/output/stage/main.tf	172	core services	IDENT	high	codebases	# Per Mod 013, both backing and core services flow through the same
docex/test_projects/elastic/infra/output/stage/main.tf	377	core_service	IDENT	high	codebase	tags = { managed_by = "doctrine", infra_tier = "environment", shape_name = "core_service", descriptor = "logs", project = "docex_smoke_elastic", env =
docex/test_projects/elastic/infra/output/stage/main.tf	426	process_type	SVC	high	core service(s)	value = "service.namespace=docex_smoke_elastic,service.version=0.0.18,deployment.environment.name=stage,docex.core_service=api,docex.process_type=web"
docex/test_projects/elastic/infra/output/stage/main.tf	426	core_service	IDENT	high	codebase	value = "service.namespace=docex_smoke_elastic,service.version=0.0.18,deployment.environment.name=stage,docex.core_service=api,docex.process_type=web"
docex/test_projects/elastic/infra/output/stage/main.tf	495	core_service	IDENT	high	codebase	tags = { managed_by = "doctrine", infra_tier = "environment", shape_name = "core_service", descriptor = "task-def", project = "docex_smoke_elastic", e
docex/test_projects/elastic/infra/output/stage/main.tf	525	core_service	IDENT	high	codebase	tags = { managed_by = "doctrine", infra_tier = "environment", shape_name = "core_service", descriptor = "ecs-svc", project = "docex_smoke_elastic", en
docex/test_projects/elastic/infra/output/stage/main.tf	541	core_service	IDENT	high	codebase	tags = { managed_by = "doctrine", infra_tier = "environment", shape_name = "core_service", descriptor = "ALB-TG", project = "docex_smoke_elastic", env
docex/test_projects/elastic/infra/output/stage/main.tf	562	core_service	IDENT	high	codebase	tags = { managed_by = "doctrine", infra_tier = "environment", shape_name = "core_service", descriptor = "logs", project = "docex_smoke_elastic", env =
docex/test_projects/elastic/infra/output/stage/main.tf	605	process_type	SVC	high	core service(s)	value = "service.namespace=docex_smoke_elastic,service.version=0.0.18,deployment.environment.name=stage,docex.core_service=api,docex.process_type=work
docex/test_projects/elastic/infra/output/stage/main.tf	605	core_service	IDENT	high	codebase	value = "service.namespace=docex_smoke_elastic,service.version=0.0.18,deployment.environment.name=stage,docex.core_service=api,docex.process_type=work
docex/test_projects/elastic/infra/output/stage/main.tf	669	core_service	IDENT	high	codebase	tags = { managed_by = "doctrine", infra_tier = "environment", shape_name = "core_service", descriptor = "task-def", project = "docex_smoke_elastic", e
docex/test_projects/elastic/infra/output/stage/main.tf	694	core_service	IDENT	high	codebase	tags = { managed_by = "doctrine", infra_tier = "environment", shape_name = "core_service", descriptor = "ecs-svc", project = "docex_smoke_elastic", en
docex/test_projects/elastic/infra/output/stage/main.tf	701	core_service	IDENT	high	codebase	tags = { managed_by = "doctrine", infra_tier = "environment", shape_name = "core_service", descriptor = "logs", project = "docex_smoke_elastic", env =
docex/test_projects/elastic/infra/output/stage/main.tf	737	process_type	SVC	high	core service(s)	value = "service.namespace=docex_smoke_elastic,service.version=0.0.18,deployment.environment.name=stage,docex.core_service=reaper,docex.process_type=p
docex/test_projects/elastic/infra/output/stage/main.tf	737	core_service	IDENT	high	codebase	value = "service.namespace=docex_smoke_elastic,service.version=0.0.18,deployment.environment.name=stage,docex.core_service=reaper,docex.process_type=p
docex/test_projects/elastic/infra/output/stage/main.tf	762	core_service	IDENT	high	codebase	tags = { managed_by = "doctrine", infra_tier = "environment", shape_name = "core_service", descriptor = "task-def", project = "docex_smoke_elastic", e
docex/test_projects/elastic/infra/output/stage/main.tf	775	core_service	IDENT	high	codebase	tags = { managed_by = "doctrine", infra_tier = "environment", shape_name = "core_service", descriptor = "scheduler-role", project = "docex_smoke_elast
docex/test_projects/elastic/infra/output/stage/main.tf	826	process type	SVC	high	core service(s)	# per process type. Emitted here rather than inside the per-service loop
docex/test_projects/elastic/infra/output/stage/main.tf	833	core_service	IDENT	high	codebase	tags = { managed_by = "doctrine", infra_tier = "environment", shape_name = "core_service", descriptor = "logs", project = "docex_smoke_elastic", env =
docex/test_projects/elastic/infra/output/stage/main.tf	869	core_service	IDENT	high	codebase	value = "service.namespace=docex_smoke_elastic,service.version=0.0.18,deployment.environment.name=stage,docex.core_service=api"
docex/test_projects/elastic/infra/output/stage/main.tf	894	core_service	IDENT	high	codebase	tags = { managed_by = "doctrine", infra_tier = "environment", shape_name = "core_service", descriptor = "migrate-task-def", project = "docex_smoke_ela
docex/test_projects/elastic/infra/output/test/docker-compose.yml	49	core_service	IDENT	high	codebase	OTEL_RESOURCE_ATTRIBUTES: service.namespace=docex_smoke_elastic,service.version=0.0.18,deployment.environment.name=test,docex.core_service=api
docex/test_projects/elastic/infra/output/test/docker-compose.yml	91	process_type	SVC	high	core service(s)	OTEL_RESOURCE_ATTRIBUTES: service.namespace=docex_smoke_elastic,service.version=0.0.18,deployment.environment.name=test,docex.core_service=api,docex.p
docex/test_projects/elastic/infra/output/test/docker-compose.yml	91	core_service	IDENT	high	codebase	OTEL_RESOURCE_ATTRIBUTES: service.namespace=docex_smoke_elastic,service.version=0.0.18,deployment.environment.name=test,docex.core_service=api,docex.p
docex/test_projects/elastic/infra/output/test/docker-compose.yml	164	process_type	SVC	high	core service(s)	OTEL_RESOURCE_ATTRIBUTES: service.namespace=docex_smoke_elastic,service.version=0.0.18,deployment.environment.name=test,docex.core_service=api,docex.p
docex/test_projects/elastic/infra/output/test/docker-compose.yml	164	core_service	IDENT	high	codebase	OTEL_RESOURCE_ATTRIBUTES: service.namespace=docex_smoke_elastic,service.version=0.0.18,deployment.environment.name=test,docex.core_service=api,docex.p
docex/test_projects/elastic/infra/output/test/docker-compose.yml	267	core_service	IDENT	high	codebase	OTEL_RESOURCE_ATTRIBUTES: service.namespace=docex_smoke_elastic,service.version=0.0.18,deployment.environment.name=test,docex.core_service=reaper
docex/test_projects/elastic/infra/secrets/README.md	4	core service	AMBIG	low	codebase? or KEEP?	project's own API keys/tokens (declared in a core service's `secrets:` block)
docex/test_projects/elastic/infra/stage/tests/test_smoke.py	4	process type	SVC	high	core service(s)	- Liveness checks (each long-running process type's /health endpoint).
docex/test_projects/elastic/infra/stage/tests/test_smoke.py	8	process type	SVC	high	core service(s)	`api.web` is the only externally-reachable process type. `api.worker` sits
docex/test_projects/elastic/infra/stage/tests/test_smoke.py	45	process type	SVC	high	core service(s)	sibling process type over Service Connect, and the worker's poll loop
docex/test_projects/elastic/plans/core/api/api.md	5	process types	SVC	high	core service(s)	One codebase, one image, **two process types**. `api` is the project's application core: it accepts `POST /pings` at its HTTP edge and processes those
docex/test_projects/elastic/plans/core/api/api.md	7	Process type	SVC	high	core service(s)	| Process type | Role | Command | Networks | Port |
docex/test_projects/elastic/plans/core/api/api.md	12	domain_default_process	KEY_FIELD	high	domain_default_service	`api.web` is the project's `domain_default_process`, so prod's web edge answers at three hosts: `api-web.prod.docex-smoke-elastic.luxrnd.tech` (canoni
docex/test_projects/elastic/plans/core/api/api.md	18	core services	CB	high	codebase	`web` and `worker` were two separate *core services* until CICL v2, and that split was an artifact of the limitation v2 removes: they always shared a 
docex/test_projects/elastic/plans/core/api/api.md	31	process type	SVC	high	core service(s)	`src/root.py`, and there is exactly **one** of it — not one per process type. Splitting the root would put two copies of the driven wiring in the tree
docex/test_projects/elastic/plans/core/api/api.md	40	process type	SVC	high	core service(s)	`src/entrypoints/`, one module per process type; each is what that process type's `command` invokes.
docex/test_projects/elastic/plans/core/api/api.md	40	process type	SVC	high	core service(s)	`src/entrypoints/`, one module per process type; each is what that process type's `command` invokes.
docex/test_projects/elastic/plans/core/api/api.md	43	process type	SVC	high	core service(s)	- `worker.py` — owns the three things a loop-owning process type owes and an adapter must not:
docex/test_projects/elastic/plans/core/api/api.md	54	process type	SVC	high	core service(s)	Two, because the codebase has two boundaries and the contract path is keyed on the process type:
docex/test_projects/elastic/plans/core/api/api.md	61	process type	SVC	high	core service(s)	This codebase owns the schema (`schema_owned_by: api`). See [`db_schema.md`](./db_schema.md). Migrations live at `core/api/migrations/` and are driven
docex/test_projects/elastic/plans/core/api/api.md	63	process-scoped	SVC	high	service-scoped	Because it runs per codebase, `migrate.sh` may read **service-level `env:` only**. The six `DATABASE_*` parts are declared at the `api` service level 
docex/test_projects/elastic/plans/core/api/api.md	70	process types	SVC	high	core service(s)	- `/health/probe` and `/health/events` are exercise endpoints for the project-local backings — they are *not* doctrine-mandated (probe and events are 
docex/test_projects/elastic/plans/core/api/db_schema.md	3	process type	SVC	high	core service(s)	The `api` **codebase** owns the schema of the project's relational database backing service, `appdb` (postgres 15 — RDS on elastic `stage`/`prod`, a p
docex/test_projects/elastic/plans/core/api/db_schema.md	9	process type	SVC	high	core service(s)	Stores each ping created by `POST /pings` until the `api.worker` process type processes it.
docex/test_projects/elastic/plans/core/api/hex/pings.md	5	process type	PROTECTED_NEARBY	review	core service(s)	Captures requests as `Ping` rows in postgres for the `api.worker` process type to process. Implements the `POST /pings` write surface and exposes the 
docex/test_projects/elastic/plans/core/api/hex/pings.md	29	process type	PROTECTED_NEARBY	review	core service(s)	- `pings` does not own the `processed_at = now()` write — that belongs to the sibling [`processor`](./processor.md) module, driven by the `api.worker`
docex/test_projects/elastic/plans/core/api/hex/processor.md	5	process type	PROTECTED_NEARBY	review	core service(s)	Claims unprocessed rows from the `pings` table and marks each one processed. Driven by the `api.worker` process type. Demonstrates a second module ins
docex/test_projects/elastic/plans/core/masterplan.md	9	process types	SVC	high	core service(s)	The architectural shape, services, and flows are **deliberately identical** to the fixed-foundation companion — same two codebases and three process t
docex/test_projects/elastic/plans/core/masterplan.md	25	Process type	SVC	high	core service(s)	Identical to fixed companion. `Ping`, `Codebase`, `Process type`, and `Smoke test` carry the same meanings.
docex/test_projects/elastic/plans/core/masterplan.md	49	process type	SVC	high	core service(s)	| `appdb` | `relational_db` | postgres 15 | RDS | Stores `pings` rows. `schema_owned_by: api` — a codebase, never a process type. |
docex/test_projects/elastic/plans/core/masterplan.md	55	Core Services	AMBIG	low	codebase? or KEEP?	### Core Services
docex/test_projects/elastic/plans/core/masterplan.md	57	process types	PROTECTED_NEARBY	review	core service(s)	Same **two codebases and three process types** as the fixed companion: `api` (process types `web` + `worker`) and `reaper` (process type `prune`). Sam
docex/test_projects/elastic/plans/core/masterplan.md	57	process types	PROTECTED_NEARBY	review	core service(s)	Same **two codebases and three process types** as the fixed companion: `api` (process types `web` + `worker`) and `reaper` (process type `prune`). Sam
docex/test_projects/elastic/plans/core/masterplan.md	57	process type	PROTECTED_NEARBY	review	core service(s)	Same **two codebases and three process types** as the fixed companion: `api` (process types `web` + `worker`) and `reaper` (process type `prune`). Sam
docex/test_projects/elastic/plans/core/masterplan.md	59	Process type	SVC	high	core service(s)	| Codebase | Process type | Role | Networks | Port | On elastic |
docex/test_projects/elastic/plans/core/masterplan.md	65	process type	SVC	high	core service(s)	One ECR repo and one image tag per **codebase**, so `api-web` and `api-worker` share a tag started two different ways. Likewise **one** `…-migrate` ta
docex/test_projects/elastic/plans/core/masterplan.md	69	process types	SVC	high	core service(s)	See [`api/api.md`](./api/api.md). Two process types on one artifact; they were two separate core services until CICL v2, purely because pre-v2 CICL co
docex/test_projects/elastic/plans/core/masterplan.md	69	core services	CB	high	codebase	See [`api/api.md`](./api/api.md). Two process types on one artifact; they were two separate core services until CICL v2, purely because pre-v2 CICL co
docex/test_projects/elastic/plans/core/masterplan.md	73	core_services	AMBIG	low	codebase? or KEEP?	- **`consumes`**: `api.web consumes api.worker`, one direction only, obliged by the four-segment magic refs `${core_services.api.worker.{host,port}}` 
docex/test_projects/elastic/plans/core/masterplan.md	76	domain_default_process	KEY_FIELD	high	domain_default_service	`api.web`: a Fargate task in the `web` + `internal` security groups; ALB target group registered with a listener rule matching its per-env hosts. It i
docex/test_projects/elastic/plans/core/masterplan.md	82	process type	SVC	high	core service(s)	One process type, `prune`, named after the **job** rather than the role per `cicl.md § Naming convention`, which is what makes the emitted name `reape
docex/test_projects/elastic/plans/core/masterplan.md	85	process types	SVC	high	core service(s)	- **Contract**: none; `scheduler` process types are exempt from both the contract and the health model.
docex/test_projects/elastic/plans/core/masterplan.md	86	process types	SVC	high	core service(s)	- On elastic: **no `ecs_service`**. The compiler emits a `task_definition` plus an `aws_scheduler_schedule` (EventBridge Scheduler) whose target is an
docex/test_projects/elastic/plans/core/masterplan.md	90	process type	SVC	high	core service(s)	Identical to the fixed companion: one `root.py` per **codebase** that constructs without activating, and one module per process type under `src/entryp
docex/test_projects/elastic/plans/core/masterplan.md	90	process type	SVC	high	core service(s)	Identical to the fixed companion: one `root.py` per **codebase** that constructs without activating, and one module per process type under `src/entryp
docex/test_projects/elastic/plans/core/masterplan.md	94	core services	CB	high	codebase	Per the kickoff brief: "Two separate projects, one per foundation. Cleaner than a single toggleable project, even if it means some duplication." The t
docex/test_projects/elastic/plans/core/masterplan.md	100	process types	PROTECTED_NEARBY	review	core service(s)	Identical to the fixed companion — Ping creation, Ping processing, Self health (`/health` on both `api` process types, the worker's gated on its loop 
docex/test_projects/elastic/plans/core/masterplan.md	100	process types	PROTECTED_NEARBY	review	core service(s)	Identical to the fixed companion — Ping creation, Ping processing, Self health (`/health` on both `api` process types, the worker's gated on its loop 
docex/test_projects/fixed/CHANGELOG.md	21	process types	FROZEN_HISTORY	policy	(append 1.7.0 entry only)	- **Migrated to `cicl_version: "2"`** — process types. The two core services
docex/test_projects/fixed/CHANGELOG.md	21	core services	FROZEN_HISTORY	policy	(append 1.7.0 entry only)	- **Migrated to `cicl_version: "2"`** — process types. The two core services
docex/test_projects/fixed/CHANGELOG.md	26	process type	FROZEN_HISTORY	policy	(append 1.7.0 entry only)	its name and gains one process type named after the job, `reaper.prune`.
docex/test_projects/fixed/CHANGELOG.md	31	domain_default_process	FROZEN_HISTORY	policy	(append 1.7.0 entry only)	- `domain_default_service: web` → `domain_default_process: api.web`, dotted and
docex/test_projects/fixed/CHANGELOG.md	33	process type	FROZEN_HISTORY	policy	(append 1.7.0 entry only)	a process type.
docex/test_projects/fixed/CHANGELOG.md	35	process types	FROZEN_HISTORY	policy	(append 1.7.0 entry only)	sit at the `api` service level (both process types need a database), while the
docex/test_projects/fixed/CHANGELOG.md	37	process type	FROZEN_HISTORY	policy	(append 1.7.0 entry only)	oblige *every* process type to declare the edge (rule 7), forcing the worker
docex/test_projects/fixed/CHANGELOG.md	43	core services	FROZEN_HISTORY	policy	(append 1.7.0 entry only)	carries a note that `command` supersedes it for core services. The `reaper`
docex/test_projects/fixed/CHANGELOG.md	55	process type	FROZEN_HISTORY	policy	(append 1.7.0 entry only)	- **`src/entrypoints/`** in both codebases, one module per process type, per
docex/test_projects/fixed/CHANGELOG.md	98	core service	FROZEN_HISTORY	policy	(append 1.7.0 entry only)	- New `reaper` **scheduler** core service — a cron job (`0 3 * * *`) that prunes
docex/test_projects/fixed/CHANGELOG.md	148	core service	FROZEN_HISTORY	policy	(append 1.7.0 entry only)	healthcheck for the `web` core service (from the `health_check_path`
docex/test_projects/fixed/core/api/Dockerfile	1	core service	AMBIG	low	codebase? or KEEP?	# api — Python core service, multi-stage build per doctrine
docex/test_projects/fixed/core/api/Dockerfile	2	Core Service	KEEP	high	(unchanged)	# (infrastructure.md § Core Service Containers).
docex/test_projects/fixed/core/api/Dockerfile	4	process types	SVC	high	core service(s)	# ONE image, TWO process types: `api.web` (uvicorn edge) and `api.worker`
docex/test_projects/fixed/core/api/Dockerfile	21	process types	SVC	high	core service(s)	# BOTH process types need it now: `api.worker` also declares
docex/test_projects/fixed/core/api/Dockerfile	35	process type	SVC	high	core service(s)	# image rather than installing Go. Once per CODEBASE, not per process type:
docex/test_projects/fixed/core/api/Dockerfile	63	Process Types	SVC	high	core service(s)	# type and supersedes the Dockerfile CMD (cicl.md § Process Types), which
docex/test_projects/fixed/core/api/Dockerfile	64	process types	SVC	high	core service(s)	# is deliberately irrelevant for core services — with two process types on
docex/test_projects/fixed/core/api/Dockerfile	64	core services	AMBIG	low	codebase? or KEEP?	# is deliberately irrelevant for core services — with two process types on
docex/test_projects/fixed/core/api/Dockerfile	79	process type	SVC	high	core service(s)	# See the WHY on the dev stage: overridden by each process type's `command`.
docex/test_projects/fixed/core/api/Dockerfile	87	process types	SVC	high	core service(s)	# One test suite per codebase — test.sh runs both process types' tests.
docex/test_projects/fixed/core/api/build.sh	4	process type	SVC	high	core service(s)	# One build per CODEBASE, shared by every process type it declares.
docex/test_projects/fixed/core/api/migrate.sh	5	process type	SVC	high	core service(s)	# Runs once per CODEBASE (`schema_owned_by: api`), never per process type.
docex/test_projects/fixed/core/api/migrate.sh	8	process-scoped	SVC	high	service-scoped	# reason. A process-scoped var (SIDECAR_HOST, WORKER_HOST) would simply be
docex/test_projects/fixed/core/api/src/entrypoints/web.py	1	process type	SVC	high	core service(s)	"""Entrypoint for the `web` process type of the `api` codebase.
docex/test_projects/fixed/core/api/src/entrypoints/worker.py	1	process type	SVC	high	core service(s)	"""Entrypoint for the `worker` process type of the `api` codebase.
docex/test_projects/fixed/core/api/src/entrypoints/worker.py	3	process type	SVC	high	core service(s)	Owns the three things a loop-owning process type owes and an adapter must
docex/test_projects/fixed/core/api/src/entrypoints/worker.py	41	process type	SVC	high	core service(s)	# Health port. Must match infra.yml's `port: 8081` on this process type —
docex/test_projects/fixed/core/api/src/root.py	1	core service	IDENT	high	codebase	"""Composition root for the `api` core service.
docex/test_projects/fixed/core/api/src/root.py	10	process type	SVC	high	core service(s)	one module per process type (`web`, `worker`).
docex/test_projects/fixed/core/api/src/root.py	48	core_services	IDENT	high	codebases	# Four-segment core magic refs — ${core_services.api.worker.{host,port}}.
docex/test_projects/fixed/core/api/src/root.py	49	process type	SVC	high	core service(s)	# Declared on the `api.web` process type's env only, which is exactly what
docex/test_projects/fixed/core/api/src/root.py	73	process type	SVC	high	core service(s)	"""Construct the `api.web` process type's graph and return its app.
docex/test_projects/fixed/core/api/src/root.py	89	process type	SVC	high	core service(s)	# Health check — doctrine-mandated for every long-running process type.
docex/test_projects/fixed/core/api/src/root.py	125	process type	SVC	high	core service(s)	# `web`-network process type to expose the health of each `consumes`
docex/test_projects/fixed/core/api/src/root.py	153	process type	SVC	high	core service(s)	"""Construct the `api.worker` process type's graph.
docex/test_projects/fixed/core/api/test.sh	3	process type	SVC	high	core service(s)	# One suite per codebase, not per process type: this runs both
docex/test_projects/fixed/core/api/tests/test_processor_smoke.py	3	process type	PROTECTED_NEARBY	review	core service(s)	`processor` is the module the `api.worker` process type drives. Verifies
docex/test_projects/fixed/core/api/tests/test_smoke.py	1	process type	SVC	high	core service(s)	"""Smoke tests for the `api.web` process type.
docex/test_projects/fixed/core/api/tests/test_smoke.py	6	process types	SVC	high	core service(s)	One image, two process types: `test.sh` runs this file and
docex/test_projects/fixed/core/reaper/Dockerfile	1	core service	AMBIG	low	codebase? or KEEP?	# reaper — Python scheduler core service, multi-stage build per doctrine.
docex/test_projects/fixed/core/reaper/Dockerfile	2	process type	SVC	high	core service(s)	# One codebase, one process type: `reaper.prune`, a run-to-completion job
docex/test_projects/fixed/core/reaper/Dockerfile	4	process types	SVC	high	core service(s)	# /health (scheduler process types are exempt from the health model), no
docex/test_projects/fixed/core/reaper/Dockerfile	41	process type	SVC	high	core service(s)	# WHY: never what runs. `command` is required on every process type and
docex/test_projects/fixed/core/reaper/Dockerfile	42	Process Types	SVC	high	core service(s)	# supersedes the Dockerfile CMD (cicl.md § Process Types); for a scheduler
docex/test_projects/fixed/core/reaper/Dockerfile	53	process type	SVC	high	core service(s)	# See the WHY on the dev stage: overridden by the process type's `command`.
docex/test_projects/fixed/core/reaper/src/entrypoints/prune.py	1	process type	SVC	high	core service(s)	"""Entrypoint for the `prune` process type of the `reaper` codebase.
docex/test_projects/fixed/core/reaper/src/entrypoints/prune.py	4	process types	SVC	high	core service(s)	tick and no health server — `scheduler` process types are **exempt** from
docex/test_projects/fixed/core/reaper/src/root.py	1	core service	IDENT	high	codebase	"""Composition root for the `reaper` core service.
docex/test_projects/fixed/core/reaper/src/root.py	7	process type	SVC	high	core service(s)	module the `reaper.prune` process type's `command` invokes.
docex/test_projects/fixed/core/reaper/src/root.py	45	process type	SVC	high	core service(s)	"""Construct the `reaper.prune` process type's graph, un-run."""
docex/test_projects/fixed/infra/config/README.md	4	core service	AMBIG	low	codebase? or KEEP?	Keys are **declared** in each core service's `config:` block in `infra.yml`
docex/test_projects/fixed/infra/contracts/api.web.openapi.yml	1	process type	SVC	high	core service(s)	# OpenAPI contract for the `api.web` process type.
docex/test_projects/fixed/infra/contracts/api.web.openapi.yml	3	process type	SVC	high	core service(s)	# The path is keyed on the process type — <svc>.<proc>.<format>.yml — not
docex/test_projects/fixed/infra/contracts/api.web.openapi.yml	8	process type	SVC	high	core service(s)	# the running process type (provider-side contract testing).
docex/test_projects/fixed/infra/contracts/api.web.openapi.yml	11	process type	SVC	high	core service(s)	#   - GET /health is mandatory for every long-running process type.
docex/test_projects/fixed/infra/contracts/api.web.openapi.yml	21	process types	SVC	high	core service(s)	#     are backing services, not core process types). They're declared here
docex/test_projects/fixed/infra/contracts/api.web.openapi.yml	30	process type	SVC	high	core service(s)	Test-project web process type for the doctrine smoke test. POST a
docex/test_projects/fixed/infra/contracts/api.web.openapi.yml	31	process type	SVC	high	core service(s)	payload to /pings, the `api.worker` process type picks it up via
docex/test_projects/fixed/infra/contracts/api.web.openapi.yml	37	domain_default_process	KEY_FIELD	high	domain_default_service	description: prod (bare-project → prod's bare env → domain_default_process)
docex/test_projects/fixed/infra/contracts/api.web.openapi.yml	41	domain_default_process	KEY_FIELD	high	domain_default_service	description: stage (bare-env → domain_default_process)
docex/test_projects/fixed/infra/contracts/api.web.openapi.yml	84	process type	SVC	high	core service(s)	# Doctrine-required health fan-out onto the `api.worker` process type.
docex/test_projects/fixed/infra/contracts/api.web.openapi.yml	89	process type	SVC	high	core service(s)	summary: Liveness of the `api.worker` process type (consumes fan-out).
docex/test_projects/fixed/infra/contracts/api.worker.asyncapi.yml	1	process type	SVC	high	core service(s)	# AsyncAPI contract for the `api.worker` process type.
docex/test_projects/fixed/infra/contracts/api.worker.asyncapi.yml	35	process type	SVC	high	core service(s)	Test-project worker process type for the doctrine smoke test. Claims
docex/test_projects/fixed/infra/contracts/api.worker.asyncapi.yml	38	process type	SVC	high	core service(s)	the `api.web` process type.
docex/test_projects/fixed/infra/contracts/api.worker.asyncapi.yml	47	process type	PROTECTED_NEARBY	review	core service(s)	process type claims rows where `processed_at IS NULL`, oldest first,
docex/test_projects/fixed/infra/contracts/api.worker.asyncapi.yml	80	process type	PROTECTED_NEARBY	review	core service(s)	Null while unprocessed; stamped by this process type on a
docex/test_projects/fixed/infra/infra.yml	4	process type	SVC	high	core service(s)	# The web *process type* on the bare <env>.<project>.<apex> subdomain.
docex/test_projects/fixed/infra/infra.yml	5	core service	IDENT	high	codebase	# Dotted and fully qualified — a bare core service name has no answer,
docex/test_projects/fixed/infra/infra.yml	7	domain_default_process	KEY_FIELD	high	domain_default_service	domain_default_process: api.web
docex/test_projects/fixed/infra/infra.yml	18	core_services:	KEY_TOP	high	codebases:	core_services:
docex/test_projects/fixed/infra/infra.yml	19	process types	SVC	high	core service(s)	# One codebase, one image, two process types. `web` and `worker` were two
docex/test_projects/fixed/infra/infra.yml	20	core services	IDENT	high	codebases	# separate core services before CICL v2, purely because there was no way
docex/test_projects/fixed/infra/infra.yml	24	process types	SVC	high	core service(s)	# Codebase-scoped: both process types run the same artifact and both
docex/test_projects/fixed/infra/infra.yml	26	process type	SVC	high	core service(s)	# into every process type. (cicl.md § Field scoping.)
docex/test_projects/fixed/infra/infra.yml	35	processes:	KEY_NEST	high	core_services:	processes:
docex/test_projects/fixed/infra/infra.yml	53	Process-scoped	SVC	high	service-scoped	# Process-scoped: only the web edge exposes /health/{probe,events},
docex/test_projects/fixed/infra/infra.yml	56	process type	SVC	high	core service(s)	# SERVICE-level ref would oblige EVERY process type to declare the
docex/test_projects/fixed/infra/infra.yml	69	${core_services.api.worker.host}	REF	high	${codebases.<cb>.core_services.<svc>.<part>}	WORKER_HOST: ${core_services.api.worker.host}
docex/test_projects/fixed/infra/infra.yml	69	core_services	IDENT	high	codebases	WORKER_HOST: ${core_services.api.worker.host}
docex/test_projects/fixed/infra/infra.yml	70	${core_services.api.worker.port}	REF	high	${codebases.<cb>.core_services.<svc>.<part>}	WORKER_PORT: ${core_services.api.worker.port}
docex/test_projects/fixed/infra/infra.yml	70	core_services	IDENT	high	codebases	WORKER_PORT: ${core_services.api.worker.port}
docex/test_projects/fixed/infra/infra.yml	107	processes:	KEY_NEST	high	core_services:	processes:
docex/test_projects/fixed/infra/infra.yml	131	process type	SVC	high	core service(s)	# Names a CODEBASE, never a process type — `migrate.sh` runs once per
docex/test_projects/fixed/infra/secrets/README.md	4	core service	AMBIG	low	codebase? or KEEP?	project's own API keys/tokens (declared in a core service's `secrets:` block)
docex/test_projects/fixed/infra/stage/tests/test_smoke.py	4	process type	SVC	high	core service(s)	- Liveness checks (each long-running process type's /health endpoint).
docex/test_projects/fixed/infra/stage/tests/test_smoke.py	8	process type	SVC	high	core service(s)	`api.web` is the only externally-reachable process type. `api.worker` sits
docex/test_projects/fixed/infra/stage/tests/test_smoke.py	52	process type	SVC	high	core service(s)	sibling process type over the internal network, and the worker's poll
docex/test_projects/fixed/plans/core/api/api.md	5	process types	SVC	high	core service(s)	One codebase, one image, **two process types**. `api` is the project's application core: it accepts `POST /pings` at its HTTP edge and processes those
docex/test_projects/fixed/plans/core/api/api.md	7	Process type	SVC	high	core service(s)	| Process type | Role | Command | Networks | Port |
docex/test_projects/fixed/plans/core/api/api.md	12	domain_default_process	KEY_FIELD	high	domain_default_service	`api.web` is the project's `domain_default_process`, so prod's web edge answers at three hosts: `api-web.prod.docex-smoke-fixed.luxrnd.tech` (canonica
docex/test_projects/fixed/plans/core/api/api.md	18	core services	CB	high	codebase	`web` and `worker` were two separate *core services* until CICL v2, and that split was an artifact of the limitation v2 removes: they always shared a 
docex/test_projects/fixed/plans/core/api/api.md	31	process type	SVC	high	core service(s)	`src/root.py`, and there is exactly **one** of it — not one per process type. Splitting the root would put two copies of the driven wiring in the tree
docex/test_projects/fixed/plans/core/api/api.md	40	process type	SVC	high	core service(s)	`src/entrypoints/`, one module per process type; each is what that process type's `command` invokes.
docex/test_projects/fixed/plans/core/api/api.md	40	process type	SVC	high	core service(s)	`src/entrypoints/`, one module per process type; each is what that process type's `command` invokes.
docex/test_projects/fixed/plans/core/api/api.md	43	process type	SVC	high	core service(s)	- `worker.py` — owns the three things a loop-owning process type owes and an adapter must not:
docex/test_projects/fixed/plans/core/api/api.md	54	process type	SVC	high	core service(s)	Two, because the codebase has two boundaries and the contract path is keyed on the process type:
docex/test_projects/fixed/plans/core/api/api.md	61	process type	SVC	high	core service(s)	This codebase owns the schema (`schema_owned_by: api`). See [`db_schema.md`](./db_schema.md). Migrations live at `core/api/migrations/` and are driven
docex/test_projects/fixed/plans/core/api/api.md	63	process-scoped	SVC	high	service-scoped	Because it runs per codebase, `migrate.sh` may read **service-level `env:` only**. The six `DATABASE_*` parts are declared at the `api` service level 
docex/test_projects/fixed/plans/core/api/api.md	70	process types	SVC	high	core service(s)	- `/health/probe` and `/health/events` are exercise endpoints for the project-local backings — they are *not* doctrine-mandated (probe and events are 
docex/test_projects/fixed/plans/core/api/db_schema.md	3	process type	SVC	high	core service(s)	The `api` **codebase** owns the schema of the project's relational database backing service, `appdb` (postgres 15). `schema_owned_by` names a codebase
docex/test_projects/fixed/plans/core/api/db_schema.md	9	process type	SVC	high	core service(s)	Stores each ping created by `POST /pings` until the `api.worker` process type processes it.
docex/test_projects/fixed/plans/core/api/hex/pings.md	5	process type	PROTECTED_NEARBY	review	core service(s)	Captures requests as `Ping` rows in postgres for the `api.worker` process type to process. Implements the `POST /pings` write surface and exposes the 
docex/test_projects/fixed/plans/core/api/hex/pings.md	29	process type	PROTECTED_NEARBY	review	core service(s)	- `pings` does not own the `processed_at = now()` write — that belongs to the sibling [`processor`](./processor.md) module, driven by the `api.worker`
docex/test_projects/fixed/plans/core/api/hex/processor.md	5	process type	PROTECTED_NEARBY	review	core service(s)	Claims unprocessed rows from the `pings` table and marks each one processed. Driven by the `api.worker` process type. Demonstrates a second module ins
docex/test_projects/fixed/plans/core/masterplan.md	19	process type	PROTECTED_NEARBY	review	core service(s)	| Ping | A small unit of work created by the `api.web` process type and consumed (processed) by the `api.worker` process type. Postgres-mediated; no r
docex/test_projects/fixed/plans/core/masterplan.md	19	process type	PROTECTED_NEARBY	review	core service(s)	| Ping | A small unit of work created by the `api.web` process type and consumed (processed) by the `api.worker` process type. Postgres-mediated; no r
docex/test_projects/fixed/plans/core/masterplan.md	20	core service	CB	high	codebase	| Codebase | A core service: one source tree, one build artifact, one image. `api` and `reaper` are the two codebases here. |
docex/test_projects/fixed/plans/core/masterplan.md	21	Process type	SVC	high	core service(s)	| Process type | One named way of invoking a codebase's artifact — its own role, command, port, networks, and resources. Emitted as `<codebase>-<proce
docex/test_projects/fixed/plans/core/masterplan.md	32	domain_default_process	KEY_FIELD	high	domain_default_service	`apex_domain: luxrnd.tech` — the bare apex domain (`infra.yml` rule 13). The project segment is derived from `project.yml`'s `name` field DNS-labeled,
docex/test_projects/fixed/plans/core/masterplan.md	42	process type	SVC	high	core service(s)	| `appdb` | `relational_db` | postgres 15 | Stores `pings` rows. `schema_owned_by: api` — a codebase, never a process type. |
docex/test_projects/fixed/plans/core/masterplan.md	48	Core Services	AMBIG	low	codebase? or KEEP?	### Core Services
docex/test_projects/fixed/plans/core/masterplan.md	50	process types	SVC	high	core service(s)	**Two codebases, three process types.** Both codebases are hexagonally-architectured per `doctrine/hexagonal_architecture/` and written in Python.
docex/test_projects/fixed/plans/core/masterplan.md	52	Process type	SVC	high	core service(s)	| Codebase | Process type | Role | Networks | Port | Trigger |
docex/test_projects/fixed/plans/core/masterplan.md	62	process types	SVC	high	core service(s)	See [`api/api.md`](./api/api.md). Two process types on one artifact; they were two separate core services until CICL v2, purely because pre-v2 CICL co
docex/test_projects/fixed/plans/core/masterplan.md	62	core services	CB	high	codebase	See [`api/api.md`](./api/api.md). Two process types on one artifact; they were two separate core services until CICL v2, purely because pre-v2 CICL co
docex/test_projects/fixed/plans/core/masterplan.md	65	process type	SVC	high	core service(s)	- **Contracts**: `api.web.openapi.yml` (role `web` → OpenAPI) and `api.worker.asyncapi.yml` (role `worker` → AsyncAPI). Two boundaries, two contracts;
docex/test_projects/fixed/plans/core/masterplan.md	66	${core_services.api.worker.host}	REF	high	${codebases.<cb>.core_services.<svc>.<part>}	- **`consumes`**: `api.web consumes api.worker`, one direction only. `api.web` holds four-segment magic refs to `${core_services.api.worker.host}` / `
docex/test_projects/fixed/plans/core/masterplan.md	66	core_services	AMBIG	low	codebase? or KEEP?	- **`consumes`**: `api.web consumes api.worker`, one direction only. `api.web` holds four-segment magic refs to `${core_services.api.worker.host}` / `
docex/test_projects/fixed/plans/core/masterplan.md	67	process type	SVC	high	core service(s)	- **Schema owner**: `schema_owned_by: api`. `migrate.sh` runs once for the codebase, not once per process type.
docex/test_projects/fixed/plans/core/masterplan.md	69	domain_default_process	KEY_FIELD	high	domain_default_service	`api.web` is the `domain_default_process`, so prod's web edge answers at three hosts: `api-web.prod.docex-smoke-fixed.luxrnd.tech`, `prod.docex-smoke-
docex/test_projects/fixed/plans/core/masterplan.md	73	process types	SVC	high	core service(s)	`api.web` exposes `/health` (doctrine-mandated), `/health/api/worker` (doctrine-mandated — the `consumes` fan-out, one hop, short hard timeout), and `
docex/test_projects/fixed/plans/core/masterplan.md	77	process type	SVC	high	core service(s)	One process type, `prune`, named after the **job** rather than the role, per `cicl.md § Naming convention` — a scheduler codebase commonly carries sev
docex/test_projects/fixed/plans/core/masterplan.md	81	process types	SVC	high	core service(s)	- **Contract**: none. `scheduler` process types are exempt from both the contract and the health model — cron invokes them and nobody else does, so a 
docex/test_projects/fixed/plans/core/masterplan.md	90	process type	SVC	high	core service(s)	One `root.py` per **codebase** — not per process type. The root **constructs**: it instantiates `RepoPingsPostgres`, the alogic service, and the drivi
docex/test_projects/fixed/plans/core/masterplan.md	92	process type	SVC	high	core service(s)	Activation lives in `src/entrypoints/`, one module per process type, and each process type's `command` invokes exactly one of them:
docex/test_projects/fixed/plans/core/masterplan.md	92	process type	SVC	high	core service(s)	Activation lives in `src/entrypoints/`, one module per process type, and each process type's `command` invokes exactly one of them:
docex/test_projects/fixed/plans/core/masterplan.md	94	Process type	SVC	high	core service(s)	| Process type | `command` | Entrypoint owns |
docex/test_projects/fixed/plans/core/masterplan.md	100	process type	SVC	high	core service(s)	The Dockerfile `CMD` is deliberately irrelevant for core services: `command` is required on every process type and supersedes it.
docex/test_projects/fixed/plans/core/masterplan.md	100	core services	CB	high	codebase	The Dockerfile `CMD` is deliberately irrelevant for core services: `command` is required on every process type and supersedes it.
docex/test_projects/fixed/teardown.sh	75	process type	SVC	high	core service(s)	# One repo per CODEBASE, not per process type: `api` carries both the
docex/test_projects/fixed/teardown.sh	76	process types	SVC	high	core service(s)	# `web` and `worker` process types on one image, so it is one repo. Keep
docex/test_projects/fixed/teardown.sh	77	core_services	IDENT	high	codebases	# this list in sync with infra.yml's `core_services:` keys — the next
docex/test_projects/fixed/verify_clean.sh	45	process type	SVC	high	core service(s)	# One repo per CODEBASE, not per process type: `api` carries both the
docex/test_projects/fixed/verify_clean.sh	46	process types	SVC	high	core service(s)	# `web` and `worker` process types on one image, so it is one repo. Keep
docex/test_projects/fixed/verify_clean.sh	47	core_services	IDENT	high	codebases	# this list in sync with infra.yml's `core_services:` keys — the next
docex/tests/README.md	38	core service	AMBIG	low	codebase? or KEEP?	* `sample_project/` — fixed-foundation project with one core service
docex/tests/fixtures/sample_project/README.md	4	core service	AMBIG	low	codebase? or KEEP?	`migrate` commands against a minimal real core service (`api`) backed
docex/tests/fixtures/sample_project/README.md	12	core service	AMBIG	low	codebase? or KEEP?	infra.yml              # one core service, one backing service
docex/tests/fixtures/sample_project/core/api/Dockerfile	1	core service	CB	high	codebase	# Sample fixture: minimal multi-stage Dockerfile for a Python core service.
docex/tests/fixtures/sample_project/core/api/Dockerfile	3	Core Service	KEEP	high	(unchanged)	# See infrastructure.md § Core Service Containers.
docex/tests/fixtures/sample_project/core/api/build.sh	2	core service	IDENT	high	codebase	# build.sh — canonical build entry point for the api core service.
docex/tests/fixtures/sample_project/core/api/test.sh	2	core service	IDENT	high	codebase	# test.sh — canonical test entry point for the api core service.
docex/tests/fixtures/sample_project/infra/infra.yml	6	domain_default_process	KEY_FIELD	high	domain_default_service	domain_default_process: api.web
docex/tests/fixtures/sample_project/infra/infra.yml	8	core_services:	KEY_TOP	high	codebases:	core_services:
docex/tests/fixtures/sample_project/infra/infra.yml	18	processes:	KEY_NEST	high	core_services:	processes:
docex/tests/fixtures/sample_project_elastic/infra/infra.yml	5	domain_default_process	KEY_FIELD	high	domain_default_service	domain_default_process: api.web
docex/tests/fixtures/sample_project_elastic/infra/infra.yml	7	core_services:	KEY_TOP	high	codebases:	core_services:
docex/tests/fixtures/sample_project_elastic/infra/infra.yml	17	processes:	KEY_NEST	high	core_services:	processes:
docex/tests/fixtures/sample_project_scheduler_elastic/infra/infra.yml	5	domain_default_process	KEY_FIELD	high	domain_default_service	domain_default_process: api.web
docex/tests/fixtures/sample_project_scheduler_elastic/infra/infra.yml	7	core_services:	KEY_TOP	high	codebases:	core_services:
docex/tests/fixtures/sample_project_scheduler_elastic/infra/infra.yml	17	processes:	KEY_NEST	high	core_services:	processes:
docex/tests/fixtures/sample_project_scheduler_elastic/infra/infra.yml	33	processes:	KEY_NEST	high	core_services:	processes:
docex/tests/fixtures/sample_project_scheduler_fixed/infra/infra.yml	6	domain_default_process	KEY_FIELD	high	domain_default_service	domain_default_process: api.web
docex/tests/fixtures/sample_project_scheduler_fixed/infra/infra.yml	8	core_services:	KEY_TOP	high	codebases:	core_services:
docex/tests/fixtures/sample_project_scheduler_fixed/infra/infra.yml	16	processes:	KEY_NEST	high	core_services:	processes:
docex/tests/fixtures/sample_project_scheduler_fixed/infra/infra.yml	36	processes:	KEY_NEST	high	core_services:	processes:
docex/tests/integration/test_check_hcgate_real.py	36	domain_default_process	KEY_FIELD	high	domain_default_service	"domain_default_process: api.web\n"
docex/tests/integration/test_check_hcgate_real.py	37	core_services	IDENT	high	codebases	"core_services:\n"
docex/tests/integration/test_compile.py	448	domain_default_process	KEY_FIELD	high	domain_default_service	domain_default_process: api.web
docex/tests/integration/test_compile.py	449	core_services:	KEY_TOP	high	codebases:	core_services:
docex/tests/integration/test_compile.py	453	processes:	KEY_NEST	high	core_services:	processes:
docex/tests/integration/test_compile.py	475	core service	IDENT	high	codebase	"""A core service's `secrets:` key surfaces in the secret manifest (sourced
docex/tests/integration/test_compile.py	539	domain_default_process	KEY_FIELD	high	domain_default_service	domain_default_process: web.http
docex/tests/integration/test_compile.py	540	core_services:	KEY_TOP	high	codebases:	core_services:
docex/tests/integration/test_compile.py	548	processes:	KEY_NEST	high	core_services:	processes:
docex/tests/integration/test_compile.py	661	core service	IDENT	high	codebase	# Naming-fixture project has a single `web` core service.
docex/tests/integration/test_compile.py	684	core services	IDENT	high	codebases	"""When a project compiles with zero core services, the per-repo ECR
docex/tests/integration/test_compile.py	696	core services	IDENT	high	codebases	# Minimal valid CICL with no core services. backing_services likewise
docex/tests/integration/test_compile.py	703	core_services	IDENT	high	codebases	"core_services: {}\n"
docex/tests/integration/test_compile.py	1044	core service	IDENT	high	codebase	# The elastic fixture has exactly one web core service (`api`), so
docex/tests/integration/test_compile.py	1358	core service	IDENT	high	codebase	"""On the ec2_traefik path, a web-network core service's task-definition
docex/tests/unit/test_aws_ecr_image_exists.py	3	core service	IDENT	high	codebase	Mod 029: rollback probes ECR for every core service's image at the
docex/tests/unit/test_categories.py	35	core service	IDENT	high	codebase	# in no category) plus a core service with one bespoke secret and one config.
docex/tests/unit/test_categories.py	42	core_services:	KEY_TOP	high	codebases:	core_services:
docex/tests/unit/test_categories.py	48	processes:	KEY_NEST	high	core_services:	processes:
docex/tests/unit/test_categories.py	110	core_services:	KEY_TOP	high	codebases:	core_services:
docex/tests/unit/test_categories.py	114	processes:	KEY_NEST	high	core_services:	processes:
docex/tests/unit/test_categories.py	126	processes:	KEY_NEST	high	core_services:	processes:
docex/tests/unit/test_categories.py	194	core_services:	KEY_TOP	high	codebases:	core_services:
docex/tests/unit/test_categories.py	198	processes:	KEY_NEST	high	core_services:	processes:
docex/tests/unit/test_categories.py	210	processes:	KEY_NEST	high	core_services:	processes:
docex/tests/unit/test_categories.py	250	core_services:	KEY_TOP	high	codebases:	core_services:
docex/tests/unit/test_categories.py	254	processes:	KEY_NEST	high	core_services:	processes:
docex/tests/unit/test_compose_emitter.py	61	core services	IDENT	high	codebases	"""Test/stage/prod must not get host bind mounts on core services."""
docex/tests/unit/test_compose_emitter.py	123	domain_default_process	KEY_FIELD	high	domain_default_service	"""The domain_default_process (api) routes at BOTH the bare env subdomain
docex/tests/unit/test_compose_emitter.py	137	domain_default_process	KEY_FIELD	high	domain_default_service	"""Mod 031: in prod, the domain_default_process additionally answers
docex/tests/unit/test_compose_emitter.py	226	process type	SVC	high	core service(s)	1. A ``worker``/``scheduler`` process type's paired OTel sidecar shares
docex/tests/unit/test_compose_emitter.py	320	core service	IDENT	high	codebase	"""Every core service's compose `environment:` block carries
docex/tests/unit/test_compose_emitter.py	338	core service	IDENT	high	codebase	"""Mod 051 (Gap B): every web core service appends the docex.project
docex/tests/unit/test_compose_sidecar.py	43	core service	IDENT	high	codebase	"""One sidecar per core service, none for backing services."""
docex/tests/unit/test_compose_sidecar.py	51	core service	IDENT	high	codebase	# The fixture has one core service (`api`) and one backing (`appdb`).
docex/tests/unit/test_config_block.py	28	core service	IDENT	high	codebase	"""Copy a fixture and add a `config:` block to its `api` core service."""
docex/tests/unit/test_config_block.py	32	core_services	IDENT	high	codebases	doc["core_services"]["api"]["config"] = {
docex/tests/unit/test_consumes_relation.py	5	process types	SVC	high	core service(s)	`consumes` is an interface edge between core process types (rule 25). This
docex/tests/unit/test_consumes_relation.py	100	core_services	IDENT	high	codebases	return _HEAD + "core_services:\n" + "".join(codebases) + backing
docex/tests/unit/test_consumes_relation.py	138	process types	SVC	high	core service(s)	# Rule 25 — `consumes` names core process types, fully qualified, not itself.
docex/tests/unit/test_consumes_relation.py	144	ProcessRef	IDENT	high	ServiceRef	boundary. `ProcessRef.parse` already owns that rule and its reasoning, so
docex/tests/unit/test_consumes_relation.py	150	core_services	IDENT	high	codebases	assert hits[0].where == "core_services.api.processes.web.consumes"
docex/tests/unit/test_consumes_relation.py	217	${core_services.api.web.host}	REF	high	${codebases.<cb>.core_services.<svc>.<part>}	"web", "web", env={"U": "${core_services.api.web.host}"},
docex/tests/unit/test_consumes_relation.py	217	core_services	IDENT	high	codebases	"web", "web", env={"U": "${core_services.api.web.host}"},
docex/tests/unit/test_consumes_relation.py	245	${core_services.api.web.host}	REF	high	${codebases.<cb>.core_services.<svc>.<part>}	_WEB_REF = {"UPSTREAM": "${core_services.api.web.host}"}
docex/tests/unit/test_consumes_relation.py	245	core_services	IDENT	high	codebases	_WEB_REF = {"UPSTREAM": "${core_services.api.web.host}"}
docex/tests/unit/test_consumes_relation.py	280	core_services	IDENT	high	codebases	assert hits[0].where == "core_services.api.processes.worker"
docex/tests/unit/test_consumes_relation.py	332	process type	SVC	high	core service(s)	"""The consumed process type declares nothing, and that is correct."""
docex/tests/unit/test_consumes_relation.py	336	${core_services.api.worker.host}	REF	high	${codebases.<cb>.core_services.<svc>.<part>}	"W": "${core_services.api.worker.host}"
docex/tests/unit/test_consumes_relation.py	336	core_services	IDENT	high	codebases	"W": "${core_services.api.worker.host}"
docex/tests/unit/test_consumes_relation.py	358	${core_services.other.web.host}	REF	high	${codebases.<cb>.core_services.<svc>.<part>}	"worker", env={"U": "${core_services.other.web.host}"}
docex/tests/unit/test_consumes_relation.py	358	core_services	IDENT	high	codebases	"worker", env={"U": "${core_services.other.web.host}"}
docex/tests/unit/test_consumes_relation.py	369	process type	SVC	high	core service(s)	"""Free from Mod 096's structure: the scan runs once per process type
docex/tests/unit/test_consumes_relation.py	371	process types	SVC	high	core service(s)	The assertion that matters is the COUNT — one ref, two process types,
docex/tests/unit/test_consumes_relation.py	381	${core_services.other.web.host}	REF	high	${codebases.<cb>.core_services.<svc>.<part>}	env={"WEB_HOST": "${core_services.other.web.host}"},
docex/tests/unit/test_consumes_relation.py	381	core_services	IDENT	high	codebases	env={"WEB_HOST": "${core_services.other.web.host}"},
docex/tests/unit/test_consumes_relation.py	387	core_services	IDENT	high	codebases	assert hits[0].where == "core_services.api.processes.worker"
docex/tests/unit/test_consumes_relation.py	395	${core_services.other.web.host}	REF	high	${codebases.<cb>.core_services.<svc>.<part>}	env={"WEB_HOST": "${core_services.other.web.host}"},
docex/tests/unit/test_consumes_relation.py	395	core_services	IDENT	high	codebases	env={"WEB_HOST": "${core_services.other.web.host}"},
docex/tests/unit/test_consumes_relation.py	410	${core_services.api.web.host}	REF	high	${codebases.<cb>.core_services.<svc>.<part>}	env={"WEB_HOST": "${core_services.api.web.host}"},
docex/tests/unit/test_consumes_relation.py	410	core_services	IDENT	high	codebases	env={"WEB_HOST": "${core_services.api.web.host}"},
docex/tests/unit/test_consumes_relation.py	433	process types	SVC	high	core service(s)	24 made core process types leaves of it. The hazard is a future reader
docex/tests/unit/test_consumes_relation.py	471	process type	SVC	high	core service(s)	# names a core web process type. Role-specific fields (not an `env:` block)
docex/tests/unit/test_consumes_relation.py	481	${core_services.api.web.host}	REF	high	${codebases.<cb>.core_services.<svc>.<part>}	cors_origin: "${core_services.api.web.host}"
docex/tests/unit/test_consumes_relation.py	481	core_services	IDENT	high	codebases	cors_origin: "${core_services.api.web.host}"
docex/tests/unit/test_consumes_relation.py	494	${core_services.api.web.host}	REF	high	${codebases.<cb>.core_services.<svc>.<part>}	"""A backing service holding `${core_services.api.web.host}` owes no
docex/tests/unit/test_consumes_relation.py	494	core_services	IDENT	high	codebases	"""A backing service holding `${core_services.api.web.host}` owes no
docex/tests/unit/test_consumes_relation.py	512	process type	SVC	high	core service(s)	must still name a process type that exists and exposes the part."""
docex/tests/unit/test_consumes_relation.py	531	ProcessType	IDENT	high	CoreService	"""`consumes` is a ProcessType field. On a backing service it lands in
docex/tests/unit/test_consumes_relation.py	574	core_services	IDENT	high	codebases	assert hits[0].where == "core_services.api.processes.web.consumes"
docex/tests/unit/test_contract_health_gates.py	10	process types	SVC	high	core service(s)	2. The provider set is (`consumes` targets) ∪ (`web`-network process types),
docex/tests/unit/test_contract_health_gates.py	13	process type	SVC	high	core service(s)	process type cannot `depends_on` its worker at all, so the old gate required
docex/tests/unit/test_contract_health_gates.py	46	domain_default_process	KEY_FIELD	high	domain_default_service	"domain_default_process: api.web\n"
docex/tests/unit/test_contract_health_gates.py	47	core_services	IDENT	high	codebases	"core_services:\n"
docex/tests/unit/test_contract_health_gates.py	89	core_services:	KEY_TOP	high	codebases:	core_services: str,
docex/tests/unit/test_contract_health_gates.py	98	core_services	IDENT	high	codebases	(root / "infra" / "infra.yml").write_text(_HEAD + core_services)
docex/tests/unit/test_contract_health_gates.py	233	process types	SVC	high	core service(s)	"""§ Health Checks: `scheduler` process types are exempt. Cron invokes one
docex/tests/unit/test_describe.py	47	domain_default_process	KEY_FIELD	high	domain_default_service	domain_default_process: api.web
docex/tests/unit/test_describe.py	48	core_services:	KEY_TOP	high	codebases:	core_services:
docex/tests/unit/test_describe.py	50	processes:	KEY_NEST	high	core_services:	processes:
docex/tests/unit/test_describe.py	188	core_service	IDENT	high	codebase	assert web["core_service"] == "api"
docex/tests/unit/test_describe.py	192	core_service	IDENT	high	codebase	assert db["core_service"] is None
docex/tests/unit/test_emit_dispatch.py	58	core_service	IDENT	high	codebase	core_service: str | None = None,
docex/tests/unit/test_emit_dispatch.py	81	core_service	IDENT	high	codebase	core_service=core_service or (name if is_core else None),
docex/tests/unit/test_emit_dispatch.py	81	core_service	IDENT	high	codebase	core_service=core_service or (name if is_core else None),
docex/tests/unit/test_emit_dispatch.py	84	core_service	IDENT	high	codebase	f"proj-stage-{core_service or name}" if is_core else None
docex/tests/unit/test_emit_dispatch.py	157	core_service	IDENT	high	codebase	core_service="web",
docex/tests/unit/test_emit_dispatch.py	183	process types	SVC	high	core service(s)	codebase's process types — commutative, so it cannot move because a
docex/tests/unit/test_emit_dispatch.py	187	core_service	IDENT	high	codebase	core_service="api", process="web",
docex/tests/unit/test_emit_dispatch.py	193	core_service	IDENT	high	codebase	core_service="api", process="worker",
docex/tests/unit/test_exec_service.py	4	process type	SVC	high	core service(s)	land in a container. Process expansion left them picking one process type's
docex/tests/unit/test_exec_service.py	29	process type	SVC	high	core service(s)	# Planted on ONE process type. The whole point of the exec service is that
docex/tests/unit/test_exec_service.py	51	core_services	IDENT	high	codebases	procs = doc["core_services"]["api"]["processes"]
docex/tests/unit/test_exec_service.py	86	process types	SVC	high	core service(s)	"""Two process types, one codebase, exactly one exec service — keyed on
docex/tests/unit/test_exec_service.py	119	process-level	SVC	high	service-level	only on codebase-scoped env — so a process-level `env:` key is not merely
docex/tests/unit/test_exec_service.py	143	process type	SVC	high	core service(s)	`service.name=api` — not the compiled identity of whichever process type
docex/tests/unit/test_exec_service.py	144	process_type	SVC	high	core service(s)	sorted first. `docex.process_type` is absent, and that absence is the
docex/tests/unit/test_exec_service.py	145	process type	SVC	high	core service(s)	signal that this is not a declared process type.
docex/tests/unit/test_exec_service.py	156	core_service	IDENT	high	codebase	assert "docex.core_service=api" in attrs, env
docex/tests/unit/test_exec_service.py	157	process_type	SVC	high	core service(s)	assert "docex.process_type" not in attrs, (env, attrs)
docex/tests/unit/test_exec_service.py	158	process types	SVC	high	core service(s)	# The app containers beside it are process types, and say so.
docex/tests/unit/test_exec_service.py	163	core_service	IDENT	high	codebase	assert "docex.core_service=api" in app_attrs, (env, proc)
docex/tests/unit/test_exec_service.py	164	process_type	SVC	high	core service(s)	assert f"docex.process_type={proc}" in app_attrs, (env, proc)
docex/tests/unit/test_exec_service.py	192	process type	SVC	high	core service(s)	identical across every process type and the exec service alike."""
docex/tests/unit/test_exec_service_resolution.py	50	core_services	IDENT	high	codebases	doc["core_services"]["web"] = {
docex/tests/unit/test_exec_service_resolution.py	168	process type	SVC	high	core service(s)	1. ``cicl/model.py``'s "pick one process type to stand in for the
docex/tests/unit/test_exec_service_resolution.py	170	process types	SVC	high	core service(s)	the per-dimension max across the codebase's process types, and
docex/tests/unit/test_exec_service_resolution.py	207	process type	SVC	high	core service(s)	LEAST ONE scheduler process type", whose sole consumer was mod 074's
docex/tests/unit/test_hcl_emitter.py	182	core services	IDENT	high	codebases	(for core services) or ``data.aws_ssm_parameter`` references (for
docex/tests/unit/test_hcl_emitter.py	282	core service	IDENT	high	codebase	# ECR repo for the `api` core service from the elastic fixture.
docex/tests/unit/test_hcl_emitter.py	524	core_service	IDENT	high	codebase	assert 'shape_name = "core_service"' in blk
docex/tests/unit/test_hcl_emitter.py	532	core_service	IDENT	high	codebase	assert 'shape_name = "core_service"' in lg
docex/tests/unit/test_hcl_emitter.py	535	core_service	IDENT	high	codebase	assert 'shape_name = "core_service"' in td
docex/tests/unit/test_hcl_emitter.py	545	process types	SVC	high	core service(s)	codebase's process types. A single-process codebase's max is that
docex/tests/unit/test_hcl_emitter.py	575	process type	SVC	high	core service(s)	"""The elastic fixture with a second process type planted on `api`, so the
docex/tests/unit/test_hcl_emitter.py	583	core_services	IDENT	high	codebases	doc["core_services"]["api"]["processes"]["worker"] = dict(_MIGRATE_WORKER)
docex/tests/unit/test_hcl_emitter.py	605	process type	SVC	high	core service(s)	process type `group_by_codebase` happened to sort first. `docex.process_type`
docex/tests/unit/test_hcl_emitter.py	605	process_type	SVC	high	core service(s)	process type `group_by_codebase` happened to sort first. `docex.process_type`
docex/tests/unit/test_hcl_emitter.py	606	process type	SVC	high	core service(s)	is absent, which is the signal that this is not a declared process type.
docex/tests/unit/test_hcl_emitter.py	616	core_service	IDENT	high	codebase	assert "docex.core_service=api" in mig_attrs
docex/tests/unit/test_hcl_emitter.py	617	process_type	SVC	high	core service(s)	assert "docex.process_type" not in mig_attrs, mig_attrs
docex/tests/unit/test_hcl_emitter.py	622	core_service	IDENT	high	codebase	assert "docex.core_service=api" in app_attrs
docex/tests/unit/test_hcl_emitter.py	623	process_type	SVC	high	core service(s)	assert "docex.process_type=web" in app_attrs
docex/tests/unit/test_hcl_emitter.py	830	core service	IDENT	high	codebase	# Mod 011 — PROJECT_VERSION injected into core service ECS task definitions.
docex/tests/unit/test_hcl_emitter.py	837	core service	IDENT	high	codebase	"""Every core service's ECS task definition environment[] carries
docex/tests/unit/test_hcl_emitter.py	971	process type	SVC	high	core service(s)	# Mod 108 — the process type's `command` reaches the ECS container definition.
docex/tests/unit/test_hcl_emitter.py	981	process types	SVC	high	core service(s)	# codebase with TWO process types, which is the only shape where no single
docex/tests/unit/test_hcl_emitter.py	1027	process type	SVC	high	core service(s)	f"CMD would decide which process type it runs:\n{obj}"
docex/tests/unit/test_hcl_emitter.py	1036	process types	SVC	high	core service(s)	"""Two process types on ONE codebase (one image) must emit two DIFFERENT
docex/tests/unit/test_hcl_emitter.py	1039	Core Service	IDENT	high	codebase	`api-worker`, and infrastructure.md § Core Service Containers says the
docex/tests/unit/test_hcl_emitter.py	1054	process types	SVC	high	core service(s)	"both process types of one codebase emitted the same command — the "
docex/tests/unit/test_hcl_emitter.py	1060	process type	SVC	high	core service(s)	"""A scheduler process type is a RunTask, and `aws_scheduler_schedule`'s
docex/tests/unit/test_hcl_emitter.py	1068	core_services	IDENT	high	codebases	doc["core_services"]["api"]["processes"]["nightly"] = {
docex/tests/unit/test_hcl_emitter.py	1087	ProcessType	IDENT	high	CoreService	"""`ProcessType.command` is `str | list[str]`; ECS requires a list. A
docex/tests/unit/test_hcl_emitter.py	1095	core_services	IDENT	high	codebases	doc["core_services"]["api"]["processes"]["worker"] = {
docex/tests/unit/test_hcl_emitter.py	1113	process type	SVC	high	core service(s)	must not pick up any process type's. Guards the fix against bleeding into
docex/tests/unit/test_hcl_sidecar.py	178	process type	SVC	high	core service(s)	# a per-codebase artifact names a process type the migration has nothing
docex/tests/unit/test_inline_fixed_env.py	73	core service	IDENT	high	codebase	"""Site 2: a core service reading ``${backing.appdb.user}`` gets the
docex/tests/unit/test_magic_refs.py	15	CoreService	IDENT	high	Codebase	CoreService,
docex/tests/unit/test_magic_refs.py	16	ProcessType	IDENT	high	CoreService	ProcessType,
docex/tests/unit/test_magic_refs.py	86	ProcessType	IDENT	high	CoreService	def _proc(role: str, **kw) -> ProcessType:
docex/tests/unit/test_magic_refs.py	87	ProcessType	IDENT	high	CoreService	return ProcessType(
docex/tests/unit/test_magic_refs.py	100	core_services	IDENT	high	codebases	core_services={
docex/tests/unit/test_magic_refs.py	101	CoreService	IDENT	high	Codebase	"api": CoreService(
docex/tests/unit/test_magic_refs.py	114	CoreService	IDENT	high	Codebase	"my-api": CoreService(
docex/tests/unit/test_magic_refs.py	194	${core_services.z.p.w}	REF	high	${codebases.<cb>.core_services.<svc>.<part>}	"a ${backing_services.x.y} b ${core_services.z.p.w} c"
docex/tests/unit/test_magic_refs.py	194	core_services	IDENT	high	codebases	"a ${backing_services.x.y} b ${core_services.z.p.w} c"
docex/tests/unit/test_magic_refs.py	198	core_services	IDENT	high	codebases	("core_services", "z.p.w"),
docex/tests/unit/test_magic_refs.py	206	${core_services.api.host}	REF	high	${codebases.<cb>.core_services.<svc>.<part>}	refs = find_magic_refs("${core_services.api.host}")
docex/tests/unit/test_magic_refs.py	206	core_services	IDENT	high	codebases	refs = find_magic_refs("${core_services.api.host}")
docex/tests/unit/test_magic_refs.py	207	core_services	IDENT	high	codebases	assert [(m.kind, m.body) for m in refs] == [("core_services", "api.host")]
docex/tests/unit/test_magic_refs.py	325	${core_services.api.web.host}	REF	high	${codebases.<cb>.core_services.<svc>.<part>}	"${core_services.api.web.host}", consumer="api-worker"
docex/tests/unit/test_magic_refs.py	325	core_services	IDENT	high	codebases	"${core_services.api.web.host}", consumer="api-worker"
docex/tests/unit/test_magic_refs.py	334	${core_services.api.host}	REF	high	${codebases.<cb>.core_services.<svc>.<part>}	"${core_services.api.host}", consumer="api-worker"
docex/tests/unit/test_magic_refs.py	334	core_services	IDENT	high	codebases	"${core_services.api.host}", consumer="api-worker"
docex/tests/unit/test_magic_refs.py	337	core_services	IDENT	high	codebases	assert "${core_services.<service>.<process>.<part>}" in msg
docex/tests/unit/test_magic_refs.py	338	core_services	IDENT	high	codebases	assert "Did you mean ${core_services.api.<process>.host}?" in msg
docex/tests/unit/test_magic_refs.py	349	process types	SVC	high	core service(s)	assert "no process types" in msg
docex/tests/unit/test_magic_refs.py	356	${core_services.api.host}	REF	high	${codebases.<cb>.core_services.<svc>.<part>}	"${core_services.api.host}", consumer="api-worker"
docex/tests/unit/test_magic_refs.py	356	core_services	IDENT	high	codebases	"${core_services.api.host}", consumer="api-worker"
docex/tests/unit/test_magic_refs.py	364	core_services	IDENT	high	codebases	all: `${core_services.my-api.web.host}` matched neither _MAGIC_RE nor
docex/tests/unit/test_magic_refs.py	368	core_services	IDENT	high	codebases	"${core_services.my-api.web.host}", consumer="api-web"
docex/tests/unit/test_magic_refs.py	384	${core_services.api.web.host}	REF	high	${codebases.<cb>.core_services.<svc>.<part>}	"${core_services.api.web.host}", consumer="api-web"
docex/tests/unit/test_magic_refs.py	384	core_services	IDENT	high	codebases	"${core_services.api.web.host}", consumer="api-web"
docex/tests/unit/test_magic_refs.py	392	${core_services.api.worker.host}	REF	high	${codebases.<cb>.core_services.<svc>.<part>}	"fixed": "${core_services.api.worker.host}",
docex/tests/unit/test_magic_refs.py	392	core_services	IDENT	high	codebases	"fixed": "${core_services.api.worker.host}",
docex/tests/unit/test_magic_refs.py	393	${core_services.api.worker.host}	REF	high	${codebases.<cb>.core_services.<svc>.<part>}	"elastic": "${core_services.api.worker.host}",
docex/tests/unit/test_magic_refs.py	393	core_services	IDENT	high	codebases	"elastic": "${core_services.api.worker.host}",
docex/tests/unit/test_magic_refs.py	396	${core_services.api.web.host}	REF	high	${codebases.<cb>.core_services.<svc>.<part>}	"fixed": "${core_services.api.web.host}",
docex/tests/unit/test_magic_refs.py	396	core_services	IDENT	high	codebases	"fixed": "${core_services.api.web.host}",
docex/tests/unit/test_magic_refs.py	397	${core_services.api.web.host}	REF	high	${codebases.<cb>.core_services.<svc>.<part>}	"elastic": "${core_services.api.web.host}",
docex/tests/unit/test_magic_refs.py	397	core_services	IDENT	high	codebases	"elastic": "${core_services.api.web.host}",
docex/tests/unit/test_magic_refs.py	401	${core_services.api.web.host}	REF	high	${codebases.<cb>.core_services.<svc>.<part>}	"${core_services.api.web.host}", consumer="my-api-web"
docex/tests/unit/test_magic_refs.py	401	core_services	IDENT	high	codebases	"${core_services.api.web.host}", consumer="my-api-web"
docex/tests/unit/test_magic_refs.py	408	process type	SVC	high	core service(s)	`provides: {}`, so a scheduler process type publishes no discovery
docex/tests/unit/test_magic_refs.py	414	${core_services.api.nightly_cleanup.host}	REF	high	${codebases.<cb>.core_services.<svc>.<part>}	"${core_services.api.nightly_cleanup.host}", consumer="api-web"
docex/tests/unit/test_magic_refs.py	414	core_services	IDENT	high	codebases	"${core_services.api.nightly_cleanup.host}", consumer="api-web"
docex/tests/unit/test_magic_refs.py	422	${core_services.api.web.host}	REF	high	${codebases.<cb>.core_services.<svc>.<part>}	"${core_services.api.web.host}", consumer="api-worker"
docex/tests/unit/test_magic_refs.py	422	core_services	IDENT	high	codebases	"${core_services.api.web.host}", consumer="api-worker"
docex/tests/unit/test_magic_refs.py	428	target_process	IDENT	high	*_service	(d.consumer, d.target, d.target_process, d.part) for d in resolver.deps
docex/tests/unit/test_magic_refs.py	442	process type	SVC	high	core service(s)	"""Validate a doc carrying ``template`` in one process type's env.
docex/tests/unit/test_magic_refs.py	448	core_services	IDENT	high	codebases	doc.core_services[service].processes[process].env["UPSTREAM"] = template
docex/tests/unit/test_magic_refs.py	454	${core_services.api.web.host}	REF	high	${codebases.<cb>.core_services.<svc>.<part>}	assert _rule_3_issues("${core_services.api.web.host}") == []
docex/tests/unit/test_magic_refs.py	454	core_services	IDENT	high	codebases	assert _rule_3_issues("${core_services.api.web.host}") == []
docex/tests/unit/test_magic_refs.py	458	${core_services.api.host}	REF	high	${codebases.<cb>.core_services.<svc>.<part>}	hits = _rule_3_issues("${core_services.api.host}")
docex/tests/unit/test_magic_refs.py	458	core_services	IDENT	high	codebases	hits = _rule_3_issues("${core_services.api.host}")
docex/tests/unit/test_magic_refs.py	460	core_services	IDENT	high	codebases	assert "${core_services.<service>.<process>.<part>}" in hits[0].message
docex/tests/unit/test_magic_refs.py	464	${core_services.api.nope.host}	REF	high	${codebases.<cb>.core_services.<svc>.<part>}	hits = _rule_3_issues("${core_services.api.nope.host}")
docex/tests/unit/test_magic_refs.py	464	core_services	IDENT	high	codebases	hits = _rule_3_issues("${core_services.api.nope.host}")
docex/tests/unit/test_magic_refs.py	466	process type	SVC	high	core service(s)	assert "declares no process type 'nope'" in hits[0].message
docex/tests/unit/test_magic_refs.py	472	${core_services.api.web.host}	REF	high	${codebases.<cb>.core_services.<svc>.<part>}	hits = _rule_3_issues("${core_services.api.web.host}", process="web")
docex/tests/unit/test_magic_refs.py	472	core_services	IDENT	high	codebases	hits = _rule_3_issues("${core_services.api.web.host}", process="web")
docex/tests/unit/test_naming_policy_leak.py	75	core service	IDENT	high	codebase	"""Construct a minimal CompiledService for a core service."""
docex/tests/unit/test_orchestrate_build.py	58	process type	SVC	high	core service(s)	# It ran in the exec service, not in a process type's app container.
docex/tests/unit/test_orchestrate_migrate.py	97	process type	SVC	high	core service(s)	the migration no longer borrows a process type's running container (and
docex/tests/unit/test_orchestrate_migrate.py	98	process type	SVC	high	core service(s)	with it that process type's ``env:`` overlay)."""
docex/tests/unit/test_orchestrate_test.py	153	core_services	IDENT	high	codebases	# `core_services` is sorted, so `api` precedes `nightly_cleanup`.
docex/tests/unit/test_orchestrate_up.py	191	process type	SVC	high	core service(s)	# per-codebase exec service — not a process type's app container.
docex/tests/unit/test_orchestrate_up.py	233	core service	IDENT	high	codebase	"""When compose up fails and a core service is unhealthy, emit a
docex/tests/unit/test_orchestrate_up.py	252	core service	IDENT	high	codebase	"""A restart-looping core service gets the restart-loop diagnostic."""
docex/tests/unit/test_orchestrate_up.py	285	core service	IDENT	high	codebase	# The healthy core service is not reported.
docex/tests/unit/test_pipeline_bootstrap.py	291	domain_default_process	KEY_FIELD	high	domain_default_service	'domain_default_process: web.http\n'
docex/tests/unit/test_pipeline_bootstrap.py	292	core_services	IDENT	high	codebases	'core_services:\n'
docex/tests/unit/test_pipeline_check.py	271	domain_default_process	KEY_FIELD	high	domain_default_service	"domain_default_process: api.web\n"
docex/tests/unit/test_pipeline_check.py	272	core_services	IDENT	high	codebases	"core_services:\n"
docex/tests/unit/test_pipeline_containerize.py	35	core service	IDENT	high	codebase	# Exactly one buildx + one push per core service.
docex/tests/unit/test_pipeline_containerize.py	38	core service	IDENT	high	codebase	# Sample fixture has 1 core service: api.
docex/tests/unit/test_pipeline_preinfra.py	115	domain_default_process	KEY_FIELD	high	domain_default_service	# web + domain_default_process. So `dev` web hosts are the per-service host
docex/tests/unit/test_pipeline_preinfra.py	199	process types	SVC	high	core service(s)	"""A codebase with TWO web process types has TWO dev hosts checked.
docex/tests/unit/test_pipeline_preinfra.py	202	process-type	SVC	high	core service(s)	per-process-type since Mod 096 — but every other test in this module runs
docex/tests/unit/test_pipeline_preinfra.py	203	process-type	SVC	high	core service(s)	against the one-process-type sample fixture, so a regression that collapsed
docex/tests/unit/test_pipeline_preinfra.py	212	core_services	IDENT	high	codebases	doc["core_services"]["api"]["processes"]["admin"] = {
docex/tests/unit/test_pipeline_preinfra.py	218	process type	SVC	high	core service(s)	# level, so every process type of `api` owes the readiness edge.
docex/tests/unit/test_pipeline_preinfra.py	231	process types	SVC	high	core service(s)	# Both web process types of the ONE codebase, plus the bare-env host that
docex/tests/unit/test_pipeline_preinfra.py	232	domain_default_process	KEY_FIELD	high	domain_default_service	# `api.web` earns as `domain_default_process`.
docex/tests/unit/test_pipeline_release.py	361	core services	IDENT	high	codebases	"""Mod 008: with no schema-owning core services, the pre-migrate
docex/tests/unit/test_pipeline_rollback.py	476	core service	IDENT	high	codebase	"""All core service images missing → error message lists every ref,
docex/tests/unit/test_pipeline_rollback.py	478	core service	IDENT	high	codebase	# Add a second core service so we can verify aggregation.
docex/tests/unit/test_process_expansion_emit.py	3	core service	IDENT	high	codebase	The headline assertion of the mod: **one** core service with **three**
docex/tests/unit/test_process_expansion_emit.py	4	process types	SVC	high	core service(s)	process types (``web`` / ``worker`` / ``nightly_cleanup``) expands into three
docex/tests/unit/test_process_expansion_emit.py	34	process-level	SVC	high	service-level	# A process-level `env:` key on the schema carrier (`web`, the lowest-sorted
docex/tests/unit/test_process_expansion_emit.py	39	process type	SVC	high	core service(s)	# `depends_on: [appdb]` on EVERY process type: the fixture declares its
docex/tests/unit/test_process_expansion_emit.py	41	process type	SVC	high	core service(s)	# every process type of that codebase to carry the readiness edge (rule 7,
docex/tests/unit/test_process_expansion_emit.py	71	core_services	IDENT	high	codebases	procs = doc["core_services"]["api"]["processes"]
docex/tests/unit/test_process_expansion_emit.py	161	process type	SVC	high	core service(s)	"""Ruling 5: a core process type never publishes. Two codebases' workers
docex/tests/unit/test_process_expansion_emit.py	176	process type	SVC	high	core service(s)	# Exactly one per process type, plus the single codebase-keyed migrate.
docex/tests/unit/test_process_expansion_emit.py	210	process types	SVC	high	core service(s)	codebase's process types, taken over the already-Fargate-tiered values.
docex/tests/unit/test_process_expansion_emit.py	214	process type	SVC	high	core service(s)	because a sibling process type was renamed or added. It also never
docex/tests/unit/test_process_expansion_emit.py	232	process types	SVC	high	core service(s)	# Not vacuous: the codebase's process types really do differ in size, so
docex/tests/unit/test_process_expansion_emit.py	256	process type	SVC	high	core service(s)	and never a process type's overlay."""
docex/tests/unit/test_process_expansion_emit.py	262	process-level	SVC	high	service-level	assert _WEB_ONLY_KEY not in names     # process-level overlay — excluded
docex/tests/unit/test_process_expansion_emit.py	282	process dimension	SVC	high	service dimension	# A backing service has no process dimension, so the key is omitted
docex/tests/unit/test_process_expansion_emit.py	328	process type	SVC	high	core service(s)	# EVERY process type of a schema-owning codebase (the Mod 096 "carrier" is
docex/tests/unit/test_process_expansion_emit.py	353	process types	SVC	high	core service(s)	# now has three process types.
docex/tests/unit/test_process_expansion_emit.py	411	core_services	IDENT	high	codebases	doc["core_services"]["api"]["processes"]["nightly_reconciliation_sweep"] = (
docex/tests/unit/test_process_expansion_emit.py	412	core_services	IDENT	high	codebases	doc["core_services"]["api"]["processes"].pop("nightly_cleanup")
docex/tests/unit/test_process_nesting.py	3	core service	IDENT	high	codebase	One core service key in ``infra.yml`` expands into N compiled services, one
docex/tests/unit/test_process_nesting.py	4	process type	SVC	high	core service(s)	per process type. This module covers the *authoring* half of that break —
docex/tests/unit/test_process_nesting.py	5	ProcessRef	IDENT	high	ServiceRef	the ``processes:`` block's schema, ``ProcessRef``, the ``cicl_version`` gate,
docex/tests/unit/test_process_nesting.py	10	process types	SVC	high	core service(s)	The emit half (one codebase, three process types, both foundations) lives in
docex/tests/unit/test_process_nesting.py	21	ProcessRef	IDENT	high	ServiceRef	from docex.cicl.model import CICLDocument, ProcessRef
docex/tests/unit/test_process_nesting.py	58	core_services	IDENT	high	codebases	_BASE = _HEAD + "core_services:\n  api:\n    processes:\n" + _WEB_PROCESS
docex/tests/unit/test_process_nesting.py	73	core_services:	KEY_TOP	high	codebases:	core_services:
docex/tests/unit/test_process_nesting.py	84	core_services	IDENT	high	codebases	src = _HEAD + "core_services:\n  api:\n    processes: {}\n"
docex/tests/unit/test_process_nesting.py	119	process type	SVC	high	core service(s)	# 5-6 — rule 23: `command` is required and non-empty on EVERY process type.
docex/tests/unit/test_process_nesting.py	164	core services	IDENT	high	codebases	"""A *genuinely* v1 ``infra.yml`` — flat core services, no ``processes:``
docex/tests/unit/test_process_nesting.py	170	CoreService	IDENT	high	Codebase	validator never runs, because ``CoreService`` fails first and the operator
docex/tests/unit/test_process_nesting.py	184	core_services:	KEY_TOP	high	codebases:	core_services:
docex/tests/unit/test_process_nesting.py	201	process type	SVC	high	core service(s)	assert "moved from the core service to the process type" not in msg
docex/tests/unit/test_process_nesting.py	201	core service	IDENT	high	codebase	assert "moved from the core service to the process type" not in msg
docex/tests/unit/test_process_nesting.py	219	core_services	IDENT	high	codebases	return _HEAD + "core_services:\n" + blk(svc_a, proc_a) + blk(svc_b, proc_b)
docex/tests/unit/test_process_nesting.py	230	core_services:	KEY_TOP	high	codebases:	core_services:
docex/tests/unit/test_process_nesting.py	232	processes:	KEY_NEST	high	core_services:	processes:
docex/tests/unit/test_process_nesting.py	285	process type	SVC	high	core service(s)	"""A process type whose compiled identity is byte-identical to one of the
docex/tests/unit/test_process_nesting.py	290	core_services:	KEY_TOP	high	codebases:	core_services:
docex/tests/unit/test_process_nesting.py	292	processes:	KEY_NEST	high	core_services:	processes:
docex/tests/unit/test_process_nesting.py	331	process type	SVC	high	core service(s)	"""The same shape for the Ofelia trigger: a `scheduler`-role process type
docex/tests/unit/test_process_nesting.py	337	core_services:	KEY_TOP	high	codebases:	core_services:
docex/tests/unit/test_process_nesting.py	339	processes:	KEY_NEST	high	core_services:	processes:
docex/tests/unit/test_process_nesting.py	349	processes:	KEY_NEST	high	core_services:	processes:
docex/tests/unit/test_process_nesting.py	381	core_services:	KEY_TOP	high	codebases:	core_services:
docex/tests/unit/test_process_nesting.py	383	processes:	KEY_NEST	high	core_services:	processes:
docex/tests/unit/test_process_nesting.py	394	processes:	KEY_NEST	high	core_services:	processes:
docex/tests/unit/test_process_nesting.py	453	core_services:	KEY_TOP	high	codebases:	core_services:
docex/tests/unit/test_process_nesting.py	455	processes:	KEY_NEST	high	core_services:	processes:
docex/tests/unit/test_process_nesting.py	484	core_services:	KEY_TOP	high	codebases:	core_services:
docex/tests/unit/test_process_nesting.py	486	processes:	KEY_NEST	high	core_services:	processes:
docex/tests/unit/test_process_nesting.py	505	PROCESS TYPE	SVC	high	core service(s)	# 17 — rule 28 reads the PROCESS TYPE.
docex/tests/unit/test_process_nesting.py	511	CoreService	IDENT	high	Codebase	`health_check_path` off the CoreService sees permanently empty extras
docex/tests/unit/test_process_nesting.py	512	process-scoped	SVC	high	service-scoped	once the field is process-scoped."""
docex/tests/unit/test_process_nesting.py	514	core_services:	KEY_TOP	high	codebases:	core_services:
docex/tests/unit/test_process_nesting.py	516	processes:	KEY_NEST	high	core_services:	processes:
docex/tests/unit/test_process_nesting.py	544	domain_default_process	KEY_FIELD	high	domain_default_service	# 19 — rule 12: domain_default_process is a dotted, web-network process.
docex/tests/unit/test_process_nesting.py	605	process-level	SVC	high	service-level	off the validator's own frozenset so a key added there without process-level
docex/tests/unit/test_process_nesting.py	617	process type	SVC	high	core service(s)	once per process type would multiply one mistake into N diagnostics."""
docex/tests/unit/test_process_nesting.py	627	core_services	IDENT	high	codebases	assert hits[0].where == "core_services.api.env"
docex/tests/unit/test_process_nesting.py	638	${core_services.api.host}	REF	high	${codebases.<cb>.core_services.<svc>.<part>}	_BASE, "          UPSTREAM: ${core_services.api.host}\n"
docex/tests/unit/test_process_nesting.py	638	core_services	IDENT	high	codebases	_BASE, "          UPSTREAM: ${core_services.api.host}\n"
docex/tests/unit/test_process_nesting.py	643	core_services	IDENT	high	codebases	assert "${core_services.<service>.<process>.<part>}" in hits[0].message
docex/tests/unit/test_process_nesting.py	647	ProcessRef	IDENT	high	ServiceRef	# 23 — ProcessRef.
docex/tests/unit/test_process_nesting.py	652	ProcessRef	IDENT	high	ServiceRef	ref = ProcessRef.parse("api.web")
docex/tests/unit/test_process_nesting.py	656	ProcessRef	IDENT	high	ServiceRef	assert ProcessRef.parse(ref.dotted) == ref
docex/tests/unit/test_process_nesting.py	662	ProcessRef	IDENT	high	ServiceRef	ProcessRef.parse(raw)
docex/tests/unit/test_release_secret_guard.py	41	core_services	IDENT	high	codebases	doc["core_services"]["api"]["secrets"] = {"STRIPE_KEY": "Stripe secret API key"}
docex/tests/unit/test_release_secret_guard.py	42	core_services	IDENT	high	codebases	doc["core_services"]["api"]["config"] = {
docex/tests/unit/test_replicas.py	81	core_services	IDENT	high	codebases	procs = doc["core_services"]["api"]["processes"]
docex/tests/unit/test_replicas.py	181	process type	SVC	high	core service(s)	"""`provides.host` still resolves to "the process type" after the unroll,
docex/tests/unit/test_replicas.py	184	process type	SVC	high	core service(s)	The alias is on EVERY network the process type joins — a consumer resolves
docex/tests/unit/test_replicas.py	268	process type	SVC	high	core service(s)	"""The property that makes the unroll viable at all: no core process type
docex/tests/unit/test_replicas.py	381	process types	SVC	high	core service(s)	"""`api` with process types `web` (replicas: N) and `web-1`.
docex/tests/unit/test_replicas.py	384	process type	SVC	high	core service(s)	process type's own compiled identity — one compose key in prod-fixed, one
docex/tests/unit/test_replicas.py	388	core_services:	KEY_TOP	high	codebases:	core_services:
docex/tests/unit/test_replicas.py	390	processes:	KEY_NEST	high	core_services:	processes:
docex/tests/unit/test_resource_accounting.py	45	core service	IDENT	high	codebase	"""A core service with ``cpu: 1.0, memory: 2GB`` is requesting 1024
docex/tests/unit/test_resource_accounting.py	56	core service	IDENT	high	codebase	"""For ``cpu: 1.0, memory: 2GB`` core service + sidecar (128 MiB),
docex/tests/unit/test_resource_accounting.py	68	core service	IDENT	high	codebase	inputs that produced (2048, 4096) for a core service produce
docex/tests/unit/test_resource_accounting.py	96	core service	IDENT	high	codebase	assert "note: core service 'api-web'" in captured
docex/tests/unit/test_resource_accounting.py	116	core service	IDENT	high	codebase	occurrences = captured.count("note: core service 'api-web'")
docex/tests/unit/test_resource_accounting.py	126	core service	IDENT	high	codebase	"""A core service whose request (including sidecar overhead) lands
docex/tests/unit/test_resource_accounting.py	156	core service	IDENT	high	codebase	assert "note: core service 'projapi'" in captured
docex/tests/unit/test_resource_accounting.py	182	core service	IDENT	high	codebase	assert "note: core service 'sideapi'" in captured
docex/tests/unit/test_scheduler.py	31	process type	SVC	high	core service(s)	# These add ONE scheduler process type to the existing `api` codebase, which is
docex/tests/unit/test_scheduler.py	37	process type	SVC	high	core service(s)	# SERVICE level, and a service-level ref obliges every process type of that
docex/tests/unit/test_scheduler.py	39	process types	SVC	high	core service(s)	# elastic fixture's own process types use, so Fargate tiering accepts it.
docex/tests/unit/test_scheduler.py	57	core_services	IDENT	high	codebases	doc["core_services"]["api"]["processes"]["nightly_cleanup"] = dict(_JOB)
docex/tests/unit/test_scheduler.py	387	process type	SVC	high	core service(s)	process type gets a task definition and nothing else — no `aws_ecs_service`,
docex/tests/unit/test_scheduler.py	421	core_services:	KEY_TOP	high	codebases:	core_services:
docex/tests/unit/test_scheduler.py	423	processes:	KEY_NEST	high	core_services:	processes:
docex/tests/unit/test_scheduler.py	446	process type	SVC	high	core service(s)	"""Mod 096: `command` is required on EVERY process type (rule 23), so a
docex/tests/unit/test_scheduler.py	476	core_services:	KEY_TOP	high	codebases:	core_services:
docex/tests/unit/test_scheduler.py	478	processes:	KEY_NEST	high	core_services:	processes:
docex/tests/unit/test_secretsmgmt.py	29	core service	IDENT	high	codebase	# a core service with one bespoke secret. secret_manifest therefore yields
docex/tests/unit/test_secretsmgmt.py	37	core_services:	KEY_TOP	high	codebases:	core_services:
docex/tests/unit/test_secretsmgmt.py	43	processes:	KEY_NEST	high	core_services:	processes:
docex/tests/unit/test_service_connect_reconcile.py	77	core_services	IDENT	high	codebases	procs = doc["core_services"]["api"]["processes"]
docex/tests/unit/test_service_connect_reconcile.py	153	core_services	IDENT	high	codebases	procs = doc["core_services"]["api"]["processes"]
docex/tests/unit/test_service_connect_reconcile.py	192	core_services	IDENT	high	codebases	procs = doc["core_services"]["api"]["processes"]
docex/tests/unit/test_telemetry.py	4	core service	IDENT	high	codebase	doctrine-injected OTel env vars on every core service, the
docex/tests/unit/test_telemetry.py	36	core_services:	KEY_TOP	high	codebases:	core_services:
docex/tests/unit/test_telemetry.py	44	processes:	KEY_NEST	high	core_services:	processes:
docex/tests/unit/test_telemetry.py	70	core_services:	KEY_TOP	high	codebases:	core_services:
docex/tests/unit/test_telemetry.py	78	processes:	KEY_NEST	high	core_services:	processes:
docex/tests/unit/test_telemetry.py	113	core_services:	KEY_TOP	high	codebases:	core_services: {}
docex/tests/unit/test_telemetry.py	157	core service	IDENT	high	codebase	# OTel env vars injected on every core service (mod 017).
docex/tests/unit/test_telemetry.py	170	core services	IDENT	high	codebases	"""A fixed-foundation doc with two core services to verify per-service
docex/tests/unit/test_telemetry.py	178	core_services:	KEY_TOP	high	codebases:	core_services:
docex/tests/unit/test_telemetry.py	180	processes:	KEY_NEST	high	core_services:	processes:
docex/tests/unit/test_telemetry.py	190	processes:	KEY_NEST	high	core_services:	processes:
docex/tests/unit/test_telemetry.py	209	core_services:	KEY_TOP	high	codebases:	core_services:
docex/tests/unit/test_telemetry.py	211	processes:	KEY_NEST	high	core_services:	processes:
docex/tests/unit/test_telemetry.py	222	processes:	KEY_NEST	high	core_services:	processes:
docex/tests/unit/test_telemetry.py	248	process_type	SVC	high	core service(s)	# docex.process_type is `web` on both while docex.core_service differs.
docex/tests/unit/test_telemetry.py	248	core_service	IDENT	high	codebase	# docex.process_type is `web` on both while docex.core_service differs.
docex/tests/unit/test_telemetry.py	265	core_service	IDENT	high	codebase	assert f"docex.core_service={codebase}" in attrs
docex/tests/unit/test_telemetry.py	266	process_type	SVC	high	core service(s)	assert f"docex.process_type={process}" in attrs
docex/tests/unit/test_telemetry.py	293	core_service	IDENT	high	codebase	assert f"docex.core_service={codebase}" in attrs
docex/tests/unit/test_telemetry.py	294	process_type	SVC	high	core service(s)	assert f"docex.process_type={process}" in attrs
docex/tests/unit/test_telemetry.py	370	core service	IDENT	high	codebase	"""The doctrine-injected TELEMETRY_API_KEY must precede a core service's
docex/tests/unit/test_telemetry.py	407	core_service	IDENT	high	codebase	"docex.core_service=api,"
docex/tests/unit/test_telemetry.py	408	process_type	SVC	high	core service(s)	"docex.process_type=web"
docex/tests/unit/test_telemetry.py	423	core_services:	KEY_TOP	high	codebases:	core_services:
docex/tests/unit/test_telemetry.py	425	processes:	KEY_NEST	high	core_services:	processes:
docex/tests/unit/test_telemetry.py	445	process types	SVC	high	core service(s)	"""The point of Mod 102's two attributes: one codebase, two process types,
docex/tests/unit/test_telemetry.py	448	process type	SVC	high	core service(s)	`docex.core_service` is identical across the pair (so "every process type
docex/tests/unit/test_telemetry.py	448	core_service	IDENT	high	codebase	`docex.core_service` is identical across the pair (so "every process type
docex/tests/unit/test_telemetry.py	450	process_type	SVC	high	core service(s)	`docex.process_type` differ (so "every `worker`" is too). Neither question
docex/tests/unit/test_telemetry.py	466	core_service	IDENT	high	codebase	assert "docex.core_service=api" in web["OTEL_RESOURCE_ATTRIBUTES"]
docex/tests/unit/test_telemetry.py	467	core_service	IDENT	high	codebase	assert "docex.core_service=api" in worker["OTEL_RESOURCE_ATTRIBUTES"]
docex/tests/unit/test_telemetry.py	469	process_type	SVC	high	core service(s)	assert "docex.process_type=web" in web["OTEL_RESOURCE_ATTRIBUTES"]
docex/tests/unit/test_telemetry.py	470	process_type	SVC	high	core service(s)	assert "docex.process_type=worker" in worker["OTEL_RESOURCE_ATTRIBUTES"]
docex/tests/unit/test_telemetry.py	471	process_type	SVC	high	core service(s)	assert "docex.process_type=worker" not in web["OTEL_RESOURCE_ATTRIBUTES"]
docex/tests/unit/test_telemetry.py	472	process_type	SVC	high	core service(s)	assert "docex.process_type=web" not in worker["OTEL_RESOURCE_ATTRIBUTES"]
docex/tests/unit/test_telemetry.py	483	process-scoped	SVC	high	service-scoped	holding in the process-scoped one.
docex/tests/unit/test_validate.py	26	core_services:	KEY_TOP	high	codebases:	core_services:
docex/tests/unit/test_validate.py	28	processes:	KEY_NEST	high	core_services:	processes:
docex/tests/unit/test_validate.py	54	process type	SVC	high	core service(s)	# A second, non-web process type on the same codebase.
docex/tests/unit/test_validate.py	72	process-level	SVC	high	service-level	"""Attach a process-level block (8-space indented) to ``api.web``."""
docex/tests/unit/test_validate.py	102	process type	SVC	high	core service(s)	# A process type off the `web` network cannot be the domain default.
docex/tests/unit/test_validate.py	109	domain_default_process	KEY_FIELD	high	domain_default_service	"domain_default_process: api.worker",
docex/tests/unit/test_validate.py	129	domain_default_process	KEY_FIELD	high	domain_default_service	"domain_default_process: ghost.web",
docex/tests/unit/test_validate.py	139	domain_default_process	KEY_FIELD	high	domain_default_service	"domain_default_process: api.nope",
docex/tests/unit/test_validate.py	149	domain_default_process	KEY_FIELD	high	domain_default_service	"domain_default_process: api.web",
docex/tests/unit/test_validate.py	193	process type	SVC	high	core service(s)	"""Mod 096: the overlap is computed against the process type's
docex/tests/unit/test_validate.py	194	process-level	SVC	high	service-level	EFFECTIVE env, so a process-level `env:` key colliding with the
docex/tests/unit/test_validate.py	252	process types	SVC	high	core service(s)	# hard error, so core process types are leaves and cannot form one.
docex/tests/unit/test_validate.py	411	core_services:	KEY_TOP	high	codebases:	core_services:
docex/tests/unit/test_validate.py	413	processes:	KEY_NEST	high	core_services:	processes:
docex/tests/unit/test_validate.py	513	core_services:	KEY_TOP	high	codebases:	core_services:
docex/tests/unit/test_validate.py	515	processes:	KEY_NEST	high	core_services:	processes:
docex/tests/unit/test_validate.py	539	core_services:	KEY_TOP	high	codebases:	core_services:
docex/tests/unit/test_validate.py	541	processes:	KEY_NEST	high	core_services:	processes:
docex/tests/unit/test_validate.py	559	core service	IDENT	high	codebase	# Mod 011 — PROJECT_VERSION is doctrine-reserved on every core service.
docex/tests/unit/test_validate.py	564	core service	IDENT	high	codebase	"""A core service declaring PROJECT_VERSION in its env: block fails
docex/tests/unit/test_validate.py	721	core_services	IDENT	high	codebases	# Replace api -> reserved in core_services and update depends_on chain.
docex/tests/unit/test_web_hostnames.py	25	domain_default_process	KEY_FIELD	high	domain_default_service	# Two web process types (`api.web` is the domain_default_process,
docex/tests/unit/test_web_hostnames.py	25	process types	SVC	high	core service(s)	# Two web process types (`api.web` is the domain_default_process,
docex/tests/unit/test_web_hostnames.py	34	domain_default_process	KEY_FIELD	high	domain_default_service	domain_default_process: api.web
docex/tests/unit/test_web_hostnames.py	35	core_services:	KEY_TOP	high	codebases:	core_services:
docex/tests/unit/test_web_hostnames.py	37	processes:	KEY_NEST	high	core_services:	processes:
docex/tests/unit/test_web_hostnames.py	56	processes:	KEY_NEST	high	core_services:	processes:
docex/tests/unit/test_web_hostnames.py	85	PROCESS TYPE	SVC	high	core service(s)	"""Mod 096: hosts are per PROCESS TYPE, and a non-web one gets none —
docex/tests/unit/test_worker_role.py	13	process type	SVC	high	core service(s)	a ``worker`` **process type** onto the copy's ``api`` core service. Adding a
docex/tests/unit/test_worker_role.py	13	core service	IDENT	high	codebase	a ``worker`` **process type** onto the copy's ``api`` core service. Adding a
docex/tests/unit/test_worker_role.py	17	process type	SVC	high	core service(s)	process type of the *same codebase*, which is the shape the worker role was
docex/tests/unit/test_worker_role.py	66	process type	SVC	high	core service(s)	"""Add a ``worker`` process type to the fixture's ``api`` codebase.
docex/tests/unit/test_worker_role.py	74	core_services	IDENT	high	codebases	doc["core_services"]["api"]["processes"]["worker"] = dict(_WORKER)
docex/tests/unit/test_worker_role.py	275	core_services:	KEY_TOP	high	codebases:	core_services:
docex/tests/unit/test_worker_role.py	277	processes:	KEY_NEST	high	core_services:	processes:
docex/tests/unit/test_worker_role.py	339	core_services:	KEY_TOP	high	codebases:	core_services:
docex/tests/unit/test_worker_role.py	341	processes:	KEY_NEST	high	core_services:	processes:
doctrine/hexagonal_architecture/hex_overview.md	111	process type	SVC	high	core service(s)	| `entrypoints` | One module per [process type](../infrastructure/cicl.md#process-types). Each takes the graph `root.py` built and binds the relevant 
doctrine/hexagonal_architecture/hex_overview.md	111	process-types	SVC	high	core service(s)	| `entrypoints` | One module per [process type](../infrastructure/cicl.md#process-types). Each takes the graph `root.py` built and binds the relevant 
doctrine/hexagonal_architecture/hex_overview.md	161	core service	AMBIG	low	codebase? or KEEP?	The "highest" form of integration test, performed against the entire core service. They test the behavior of all modules together against real driven 
doctrine/hexagonal_architecture/internal_dependency_rules.md	25	process type	SVC	high	core service(s)	3. Instantiating every driving adapter (controller) for **every** mechanism, injecting the services created in step 2 — including controllers the curr
doctrine/hexagonal_architecture/internal_dependency_rules.md	33	process type	SVC	high	core service(s)	A core service's build artifact can be invoked in more than one way — an HTTP edge, a queue consumer, a scheduled job. Each such invocation is a [proc
doctrine/hexagonal_architecture/internal_dependency_rules.md	33	process-types	SVC	high	core service(s)	A core service's build artifact can be invoked in more than one way — an HTTP edge, a queue consumer, a scheduled job. Each such invocation is a [proc
doctrine/hexagonal_architecture/internal_dependency_rules.md	33	process type	SVC	high	core service(s)	A core service's build artifact can be invoked in more than one way — an HTTP edge, a queue consumer, a scheduled job. Each such invocation is a [proc
doctrine/hexagonal_architecture/internal_dependency_rules.md	33	core service	CB	high	codebase	A core service's build artifact can be invoked in more than one way — an HTTP edge, a queue consumer, a scheduled job. Each such invocation is a [proc
doctrine/hexagonal_architecture/internal_dependency_rules.md	35	process type	SVC	high	core service(s)	**One composition root; one entrypoint per process type.** The rules:
doctrine/hexagonal_architecture/internal_dependency_rules.md	41	process type	SVC	high	core service(s)	5. A driven adapter that is genuinely expensive and needed by only one process type should be **lazy internally**, rather than forking the root. If th
doctrine/infrastructure/cicd.md	56	core service	AMBIG	low	codebase? or KEEP?	3. Perform core service checks:
doctrine/infrastructure/cicd.md	57	core services	CB	high	codebase	1. All core services contain `build.sh`, `test.sh`, and `migrate.sh` if it is required.
doctrine/infrastructure/cicd.md	58	process type	SVC	high	core service(s)	2. [Contracts](./infrastructure.md#contracts) exist which match `infra.yml`'s [consumes](./cicl.md#consumes-relationships) relationships. One contract
doctrine/infrastructure/cicd.md	59	process type	SVC	high	core service(s)	3. Every `web`-network process type's contract carries the mandatory [health check](./contracts.md#health-checks) endpoints: its own `GET /health`, an
doctrine/infrastructure/cicd.md	59	process type	SVC	high	core service(s)	3. Every `web`-network process type's contract carries the mandatory [health check](./contracts.md#health-checks) endpoints: its own `GET /health`, an
doctrine/infrastructure/cicd.md	60	process type	SVC	high	core service(s)	4. Every core service whose image must answer a probe carries `curl`. The declaration is per process type — any one of a codebase's process types decl
doctrine/infrastructure/cicd.md	60	process types	SVC	high	core service(s)	4. Every core service whose image must answer a probe carries `curl`. The declaration is per process type — any one of a codebase's process types decl
doctrine/infrastructure/cicd.md	60	core service	CB	high	codebase	4. Every core service whose image must answer a probe carries `curl`. The declaration is per process type — any one of a codebase's process types decl
doctrine/infrastructure/cicd.md	60	core service	CB	high	codebase	4. Every core service whose image must answer a probe carries `curl`. The declaration is per process type — any one of a codebase's process types decl
doctrine/infrastructure/cicd.md	93	core service	CB	high	codebase	Every core service gets a `build.sh` script. This is responsible for turning `source` into a `build artifact`. *All* unique commands needed to build t
doctrine/infrastructure/cicd.md	95	core service	CB	high	codebase	`build.sh` is the **single canonical build entry point** for every core service. It is invoked in two contexts, but it is the same script in both:
doctrine/infrastructure/cicd.md	104	Core Service	AMBIG	mixed	codebase? or KEEP?	The developer must write and maintain `build.sh`. They must also write the Dockerfile such that its `build` stage invokes `build.sh` — see [Core Servi
doctrine/infrastructure/cicd.md	122	process-type	SVC	high	core service(s)	2. Run `build.sh` in a one-off container of each core service's [exec service](./specifics/migrations.md#dev-and-test-mechanism) — `docker compose run
doctrine/infrastructure/cicd.md	122	core service	CB	high	codebase	2. Run `build.sh` in a one-off container of each core service's [exec service](./specifics/migrations.md#dev-and-test-mechanism) — `docker compose run
doctrine/infrastructure/cicd.md	122	core_service	CB	high	codebase	2. Run `build.sh` in a one-off container of each core service's [exec service](./specifics/migrations.md#dev-and-test-mechanism) — `docker compose run
doctrine/infrastructure/cicd.md	130	core services	AMBIG	low	codebase? or KEEP?	`./bin/docex build` to refresh all core services' `dist/` folders in the `dev` environment.
doctrine/infrastructure/cicd.md	131	core service	AMBIG	low	codebase? or KEEP?	`./bin/docex build <core_service_name>` to refresh a specific core service.
doctrine/infrastructure/cicd.md	137	core service	CB	high	codebase	In order for tests to all be automatically run for a project, each core service will need a `test.sh` script. This script is simply a small shim which
doctrine/infrastructure/cicd.md	160	core service	CB	high	codebase	1. `docker buildx build --platform <target> --target prod` each core service. The `build` stage runs `build.sh` on the target platform; the `prod` sta
doctrine/infrastructure/cicd.md	161	core service	CB	high	codebase	2. Tag each image as `${container_registry}/${project_name}/${service_name}:${version}` — one image per core service, all sharing the project-wide ver
doctrine/infrastructure/cicd.md	173	core services	CB	high	codebase	Migration refers to the step where we need to run a database migration. These are always a little tricky because they hit a backing service which migh
doctrine/infrastructure/cicd.md	173	core service	CB	high	codebase	Migration refers to the step where we need to run a database migration. These are always a little tricky because they hit a backing service which migh
doctrine/infrastructure/cicd.md	178	core service	CB	high	codebase	`dev` and `test` - `migrate.sh` is run inside the core service's `dev` or `test` container after the compose stack is up.
doctrine/infrastructure/cicd.md	182	core service	CB	high	codebase	1. Run the `migrate.sh` script for every core service that has one. `migrate.sh` will:
doctrine/infrastructure/cicd.md	199	core service	KEEP	high	(unchanged)	2. `docker pull` all core service container images.
doctrine/infrastructure/cicd.md	255	core service	CB	high	codebase	5. Container images at `<target_version>` exist in the registry for every core service.
doctrine/infrastructure/cicl.md	13	core services	AMBIG	low	codebase? or KEEP?	The CICL format defines the backing and core services that compose the [environment infrastructure](./infrastructure.md#infrastructure-tiers) on which
doctrine/infrastructure/cicl.md	13	core_services	AMBIG	low	codebase? or KEEP?	The CICL format defines the backing and core services that compose the [environment infrastructure](./infrastructure.md#infrastructure-tiers) on which
doctrine/infrastructure/cicl.md	27	domain_default_process	KEY_FIELD	high	domain_default_service	domain_default_process: api.web  # the web process type mapped to the bare <env>.<project>.<apex_domain>
doctrine/infrastructure/cicl.md	27	process type	SVC	high	core service(s)	domain_default_process: api.web  # the web process type mapped to the bare <env>.<project>.<apex_domain>
doctrine/infrastructure/cicl.md	34	core_services:	KEY_TOP	high	codebases:	core_services:
doctrine/infrastructure/cicl.md	36	process types	SVC	high	core service(s)	# One codebase, one image, three process types.
doctrine/infrastructure/cicl.md	49	processes:	KEY_NEST	high	core_services:	processes:
doctrine/infrastructure/cicl.md	107	Process Types	SVC	high	core service(s)	### Process Types
doctrine/infrastructure/cicl.md	109	process type	SVC	high	core service(s)	A core service is a *codebase* and the single *build artifact* compiled from it. A **process type** is a named way of invoking that artifact: its own 
doctrine/infrastructure/cicl.md	109	process types	SVC	high	core service(s)	A core service is a *codebase* and the single *build artifact* compiled from it. A **process type** is a named way of invoking that artifact: its own 
doctrine/infrastructure/cicl.md	109	core service	CB	high	codebase	A core service is a *codebase* and the single *build artifact* compiled from it. A **process type** is a named way of invoking that artifact: its own 
doctrine/infrastructure/cicl.md	112	core_services:	KEY_TOP	high	codebases:	core_services:
doctrine/infrastructure/cicl.md	116	process type	SVC	high	core service(s)	env:     { ... }        # codebase-scoped, merged into every process type
doctrine/infrastructure/cicl.md	117	processes:	KEY_NEST	high	core_services:	processes:
doctrine/infrastructure/cicl.md	118	process type	SVC	high	core service(s)	web:                # a process type
doctrine/infrastructure/cicl.md	126	process type	SVC	high	core service(s)	> **Naming**: A process type is generally named after its role, unless a codebase declares two process types on the same role. `role: web` → `web`; `r
doctrine/infrastructure/cicl.md	126	process types	SVC	high	core service(s)	> **Naming**: A process type is generally named after its role, unless a codebase declares two process types on the same role. `role: web` → `web`; `r
doctrine/infrastructure/cicl.md	130	process types	SVC	high	core service(s)	The table below lists all standard fields for services and/or process types.
doctrine/infrastructure/cicl.md	134	process types	SVC	high	core service(s)	| processes | yes | core (service) | The core service's [process types](#process-types). Must be present and non-empty. |
doctrine/infrastructure/cicl.md	134	process-types	SVC	high	core service(s)	| processes | yes | core (service) | The core service's [process types](#process-types). Must be present and non-empty. |
doctrine/infrastructure/cicl.md	134	core service	AMBIG	low	codebase? or KEEP?	| processes | yes | core (service) | The core service's [process types](#process-types). Must be present and non-empty. |
doctrine/infrastructure/cicl.md	137	process type	SVC	high	core service(s)	| env | no | core (both levels) | Contains fields which define infrastructure-driven environment variables for the container. Valid at the service lev
doctrine/infrastructure/cicl.md	137	process type	SVC	high	core service(s)	| env | no | core (both levels) | Contains fields which define infrastructure-driven environment variables for the container. Valid at the service lev
doctrine/infrastructure/cicl.md	138	process type	SVC	high	core service(s)	| role | yes | core (process type), backing | What this process type or backing service *does* for the project e.g. 'web', 'worker', 'relational_db', 
doctrine/infrastructure/cicl.md	138	process type	SVC	high	core service(s)	| role | yes | core (process type), backing | What this process type or backing service *does* for the project e.g. 'web', 'worker', 'relational_db', 
doctrine/infrastructure/cicl.md	139	process type	SVC	high	core service(s)	| command | yes | core (process type) | The command that launches this process type. Required on every process type; supersedes the Dockerfile `CMD`. 
doctrine/infrastructure/cicl.md	139	process type	SVC	high	core service(s)	| command | yes | core (process type) | The command that launches this process type. Required on every process type; supersedes the Dockerfile `CMD`. 
doctrine/infrastructure/cicl.md	139	process type	SVC	high	core service(s)	| command | yes | core (process type) | The command that launches this process type. Required on every process type; supersedes the Dockerfile `CMD`. 
doctrine/infrastructure/cicl.md	140	process type	SVC	high	core service(s)	| networks | yes | core (process type), backing | Lists the networks this process type or backing service will belong to. |
doctrine/infrastructure/cicl.md	140	process type	SVC	high	core service(s)	| networks | yes | core (process type), backing | Lists the networks this process type or backing service will belong to. |
doctrine/infrastructure/cicl.md	141	process type	SVC	high	core service(s)	| resources | yes | core (process type) | Computing resources the process type requires at runtime. See [Resources](#resources). |
doctrine/infrastructure/cicl.md	141	process type	SVC	high	core service(s)	| resources | yes | core (process type) | Computing resources the process type requires at runtime. See [Resources](#resources). |
doctrine/infrastructure/cicl.md	142	process type	SVC	high	core service(s)	| port | no | core (process type), backing | The port that the process type or backing service should be available on. |
doctrine/infrastructure/cicl.md	142	process type	SVC	high	core service(s)	| port | no | core (process type), backing | The port that the process type or backing service should be available on. |
doctrine/infrastructure/cicl.md	143	process type	SVC	high	core service(s)	| depends_on | no | core (process type), backing | Readiness gate. Names **backing services only**. See [Depends-On Relationships](#depends-on-relatio
doctrine/infrastructure/cicl.md	144	process type	SVC	high	core service(s)	| consumes | no | core (process type) | Interface edges to other core process types, dotted and fully qualified. See [Consumes Relationships](#consume
doctrine/infrastructure/cicl.md	144	process types	SVC	high	core service(s)	| consumes | no | core (process type) | Interface edges to other core process types, dotted and fully qualified. See [Consumes Relationships](#consume
doctrine/infrastructure/cicl.md	145	process type	SVC	high	core service(s)	| replicas | no | core (process type) | The number of parallel containers to launch in production. Ignored in `dev`, `test`, and `stage`. Defaults to 
doctrine/infrastructure/cicl.md	145	process type	SVC	high	core service(s)	| replicas | no | core (process type) | The number of parallel containers to launch in production. Ignored in `dev`, `test`, and `stage`. Defaults to 
doctrine/infrastructure/cicl.md	148	process type	SVC	high	core service(s)	| schema_owned_by | sometimes | backing | Required for database roles (e.g. `relational_db`) to denote which core service owns the database schema and
doctrine/infrastructure/cicl.md	148	core service	CB	high	codebase	| schema_owned_by | sometimes | backing | Required for database roles (e.g. `relational_db`) to denote which core service owns the database schema and
doctrine/infrastructure/cicl.md	148	core service	CB	high	codebase	| schema_owned_by | sometimes | backing | Required for database roles (e.g. `relational_db`) to denote which core service owns the database schema and
doctrine/infrastructure/cicl.md	150	process type	SVC	high	core service(s)	Note that core services do **not** declare an `image` field. Image references are derived deterministically by the compiler from the top-level [`conta
doctrine/infrastructure/cicl.md	150	core services	CB	high	codebase	Note that core services do **not** declare an `image` field. Image references are derived deterministically by the compiler from the top-level [`conta
doctrine/infrastructure/cicl.md	150	core service	CB	high	codebase	Note that core services do **not** declare an `image` field. Image references are derived deterministically by the compiler from the top-level [`conta
doctrine/infrastructure/cicl.md	150	core service	CB	high	codebase	Note that core services do **not** declare an `image` field. Image references are derived deterministically by the compiler from the top-level [`conta
doctrine/infrastructure/cicl.md	168	process dimension	SVC	high	service dimension	A magic ref reads a [provided field](#provided-fields) off another service. Refs to core services carry the process dimension; refs to backing service
doctrine/infrastructure/cicl.md	168	core services	AMBIG	low	codebase? or KEEP?	A magic ref reads a [provided field](#provided-fields) off another service. Refs to core services carry the process dimension; refs to backing service
doctrine/infrastructure/cicl.md	171	core_services	AMBIG	low	codebase? or KEEP?	${core_services.<service>.<process>.<part>}     # four segments — api.web.host
doctrine/infrastructure/cicl.md	175	${core_services.api.host}	REF	high	${codebases.<cb>.core_services.<svc>.<part>}	The asymmetry is honest rather than accidental: a backing service has no process types, so there is nothing to qualify. A **bare** core service name i
doctrine/infrastructure/cicl.md	175	process types	SVC	high	core service(s)	The asymmetry is honest rather than accidental: a backing service has no process types, so there is nothing to qualify. A **bare** core service name i
doctrine/infrastructure/cicl.md	175	core service	CB	high	codebase	The asymmetry is honest rather than accidental: a backing service has no process types, so there is nothing to qualify. A **bare** core service name i
doctrine/infrastructure/cicl.md	175	core_services	CB	high	codebase	The asymmetry is honest rather than accidental: a backing service has no process types, so there is nothing to qualify. A **bare** core service name i
doctrine/infrastructure/cicl.md	181	core service	AMBIG	low	codebase? or KEEP?	Three fields define a core service's container environment variables, distinguished by *where the value comes from* and *how it is handled*:
doctrine/infrastructure/cicl.md	189	process type	SVC	high	core service(s)	Of the three, only `env:` is valid at both the core service and the process type level; `secrets:` and `config:` are codebase-scoped and declared once
doctrine/infrastructure/cicl.md	189	process type	SVC	high	core service(s)	Of the three, only `env:` is valid at both the core service and the process type level; `secrets:` and `config:` are codebase-scoped and declared once
doctrine/infrastructure/cicl.md	189	Process Types	SVC	high	core service(s)	Of the three, only `env:` is valid at both the core service and the process type level; `secrets:` and `config:` are codebase-scoped and declared once
doctrine/infrastructure/cicl.md	189	core service	CB	high	codebase	Of the three, only `env:` is valid at both the core service and the process type level; `secrets:` and `config:` are codebase-scoped and declared once
doctrine/infrastructure/cicl.md	196	core service	AMBIG	low	codebase? or KEEP?	+ For example, a core service needs a bucket name. This name will be interpolated from the object store backing service name, the environment name, an
doctrine/infrastructure/cicl.md	236	process_name	IDENT	high	service_name	+ `process`: "${process_name}"
doctrine/infrastructure/cicl.md	243	process type	SVC	high	core service(s)	+ `process` - The process type name. Present on env-tier resources that belong to a specific core service process type; omitted for backing services, 
doctrine/infrastructure/cicl.md	243	process type	SVC	high	core service(s)	+ `process` - The process type name. Present on env-tier resources that belong to a specific core service process type; omitted for backing services, 
doctrine/infrastructure/cicl.md	243	core service	KEEP	high	(unchanged)	+ `process` - The process type name. Present on env-tier resources that belong to a specific core service process type; omitted for backing services, 
doctrine/infrastructure/cicl.md	250	process type	SVC	high	core service(s)	The anatomy of a project's domain is rigidly defined and critical to the "just works" nature of CICL machinery. A full domain describes a specific pro
doctrine/infrastructure/cicl.md	266	domain_default_process	KEY_FIELD	high	domain_default_service	| Bare Env | `<env>.<project_name>.<apex_domain>` | Route to env's `domain_default_process`. |
doctrine/infrastructure/cicl.md	296	core service	CB	high	codebase	The `container_registry` top-level config option declares where core service [build images](./shape.md) are pushed and pulled from. The compiler deriv
doctrine/infrastructure/cicl.md	297	core service	CB	high	codebase	- **`dev` / `test`** build each core service's image **locally** from its Dockerfile (the compiled compose file carries a `build:` block) and never pu
doctrine/infrastructure/cicl.md	302	core_services	CB	high	codebase	with `name` and `version` from `project.yml` and `service_name` from the CICL key under `core_services`. Each core service gets its own image; all ima
doctrine/infrastructure/cicl.md	302	core service	CB	high	codebase	with `name` and `version` from `project.yml` and `service_name` from the CICL key under `core_services`. Each core service gets its own image; all ima
doctrine/infrastructure/cicl.md	304	process type	SVC	high	core service(s)	The image is keyed on the **codebase**, not the process type. A core service declaring three [process types](#process-types) produces one image, which
doctrine/infrastructure/cicl.md	304	process types	SVC	high	core service(s)	The image is keyed on the **codebase**, not the process type. A core service declaring three [process types](#process-types) produces one image, which
doctrine/infrastructure/cicl.md	304	process-types	SVC	high	core service(s)	The image is keyed on the **codebase**, not the process type. A core service declaring three [process types](#process-types) produces one image, which
doctrine/infrastructure/cicl.md	304	process-types	SVC	high	core service(s)	The image is keyed on the **codebase**, not the process type. A core service declaring three [process types](#process-types) produces one image, which
doctrine/infrastructure/cicl.md	304	process-type	SVC	high	core service(s)	The image is keyed on the **codebase**, not the process type. A core service declaring three [process types](#process-types) produces one image, which
doctrine/infrastructure/cicl.md	304	core service	CB	high	codebase	The image is keyed on the **codebase**, not the process type. A core service declaring three [process types](#process-types) produces one image, which
doctrine/infrastructure/cicl.md	323	core service	AMBIG	low	codebase? or KEEP?	The `observability_backend_url` top-level field declares the URL at which the project's observability backend is reachable. This is the destination th
doctrine/infrastructure/cicl.md	334	process type	SVC	high	core service(s)	`web` membership is restricted on core services: a `worker` or `scheduler` process type may not declare it (see [validation rule 27](#validation-rules
doctrine/infrastructure/cicl.md	334	process type	SVC	high	core service(s)	`web` membership is restricted on core services: a `worker` or `scheduler` process type may not declare it (see [validation rule 27](#validation-rules
doctrine/infrastructure/cicl.md	334	process type	SVC	high	core service(s)	`web` membership is restricted on core services: a `worker` or `scheduler` process type may not declare it (see [validation rule 27](#validation-rules
doctrine/infrastructure/cicl.md	334	process type	SVC	high	core service(s)	`web` membership is restricted on core services: a `worker` or `scheduler` process type may not declare it (see [validation rule 27](#validation-rules
doctrine/infrastructure/cicl.md	334	core services	CB	high	codebase	`web` membership is restricted on core services: a `worker` or `scheduler` process type may not declare it (see [validation rule 27](#validation-rules
doctrine/infrastructure/cicl.md	334	core service	CB	high	codebase	`web` membership is restricted on core services: a `worker` or `scheduler` process type may not declare it (see [validation rule 27](#validation-rules
doctrine/infrastructure/cicl.md	346	process type	SVC	high	core service(s)	The `resources:` field declares the computing resources a [process type](#process-types) requires at runtime. It is **required** on every process type
doctrine/infrastructure/cicl.md	346	process-types	SVC	high	core service(s)	The `resources:` field declares the computing resources a [process type](#process-types) requires at runtime. It is **required** on every process type
doctrine/infrastructure/cicl.md	346	process type	SVC	high	core service(s)	The `resources:` field declares the computing resources a [process type](#process-types) requires at runtime. It is **required** on every process type
doctrine/infrastructure/cicl.md	346	core service	CB	high	codebase	The `resources:` field declares the computing resources a [process type](#process-types) requires at runtime. It is **required** on every process type
doctrine/infrastructure/cicl.md	371	core_services	AMBIG	low	codebase? or KEEP?	- Compile errors on this block name the full path, e.g. `core_services.api.processes.worker.resources.disk`.
doctrine/infrastructure/cicl.md	375	process type	SVC	high	core service(s)	`depends_on` is a **readiness gate**, and it names **backing services only**. It provides the DAG the compiler needs to bring infrastructure online in
doctrine/infrastructure/cicl.md	377	process type	SVC	high	core service(s)	A core process type may **not** appear in a `depends_on` list. Interface coupling between core process types is a different relation with different ru
doctrine/infrastructure/cicl.md	377	process types	SVC	high	core service(s)	A core process type may **not** appear in a `depends_on` list. Interface coupling between core process types is a different relation with different ru
doctrine/infrastructure/cicl.md	379	process type	SVC	high	core service(s)	Furthermore, if a process type references a backing service's information via [magic ref](#magic-refs), it depends on that backing service. If the rel
doctrine/infrastructure/cicl.md	379	process type	SVC	high	core service(s)	Furthermore, if a process type references a backing service's information via [magic ref](#magic-refs), it depends on that backing service. If the rel
doctrine/infrastructure/cicl.md	393	process type	SVC	high	core service(s)	So a core process type created alongside a [`consumes`](#consumes-relationships) target it has never seen registered can be permanently unable to reac
doctrine/infrastructure/cicl.md	401	process types	SVC	high	core service(s)	`consumes` is an **interface** edge between core process types. Where `depends_on` says *"do not start me until this is up"*, `consumes` says *"I spea
doctrine/infrastructure/cicl.md	404	processes:	KEY_NEST	high	core_services:	processes:
doctrine/infrastructure/cicl.md	409	process types	SVC	high	core service(s)	Targets are **dotted and fully qualified**. A bare core service name is illegal, not shorthand for "all its process types": an interface edge points a
doctrine/infrastructure/cicl.md	409	core service	CB	high	codebase	Targets are **dotted and fully qualified**. A bare core service name is illegal, not shorthand for "all its process types": an interface edge points a
doctrine/infrastructure/cicl.md	413	process types	SVC	high	core service(s)	1. It declares the [provider / consumer](./infrastructure.md#contracts) relationships that determine which process types must carry a contract, and in
doctrine/infrastructure/cicl.md	415	process type	SVC	high	core service(s)	3. It satisfies [validation rule 7](#validation-rules) for magic refs whose target is a core process type.
doctrine/infrastructure/cicl.md	422	process types	SVC	high	core service(s)	| Names | backing services only | core process types only |
doctrine/infrastructure/cicl.md	433	process type	SVC	high	core service(s)	- **One-directional: a ref implies an edge, never the reverse.** A magic ref to a core process type obliges a matching `consumes` entry. A `consumes` 
doctrine/infrastructure/cicl.md	434	${core_services.api.web.host}	REF	high	${codebases.<cb>.core_services.<svc>.<part>}	- **Same-codebase is not exempt.** `api.worker` referencing `${core_services.api.web.host}` still declares `consumes: [api.web]`. Sharing source does 
doctrine/infrastructure/cicl.md	434	core_services	CB	high	codebase	- **Same-codebase is not exempt.** `api.worker` referencing `${core_services.api.web.host}` still declares `consumes: [api.web]`. Sharing source does 
doctrine/infrastructure/cicl.md	435	process type	SVC	high	core service(s)	- **A service-level `env:` ref obliges every process type** to declare the edge, consistent with how `depends_on` is treated. If every process receive
doctrine/infrastructure/cicl.md	535	process types	SVC	high	core service(s)	5. The rendered data-plane identity of every emitted service must be unique after naming-policy normalization. The set spans core process types, backi
doctrine/infrastructure/cicl.md	535	process type	SVC	high	core service(s)	5. The rendered data-plane identity of every emitted service must be unique after naming-policy normalization. The set spans core process types, backi
doctrine/infrastructure/cicl.md	535	process type	SVC	high	core service(s)	5. The rendered data-plane identity of every emitted service must be unique after naming-policy normalization. The set spans core process types, backi
doctrine/infrastructure/cicl.md	535	process types	SVC	high	core service(s)	5. The rendered data-plane identity of every emitted service must be unique after naming-policy normalization. The set spans core process types, backi
doctrine/infrastructure/cicl.md	535	process type	SVC	high	core service(s)	5. The rendered data-plane identity of every emitted service must be unique after naming-policy normalization. The set spans core process types, backi
doctrine/infrastructure/cicl.md	535	core service	CB	high	codebase	5. The rendered data-plane identity of every emitted service must be unique after naming-policy normalization. The set spans core process types, backi
doctrine/infrastructure/cicl.md	535	core service	CB	high	codebase	5. The rendered data-plane identity of every emitted service must be unique after naming-policy normalization. The set spans core process types, backi
doctrine/infrastructure/cicl.md	537	${core_services.api.web.host}	REF	high	${codebases.<cb>.core_services.<svc>.<part>}	7. Magic refs which imply a dependency must be matched by a corresponding edge, of the kind the target calls for: a ref to a **backing service** must 
doctrine/infrastructure/cicl.md	537	process type	SVC	high	core service(s)	7. Magic refs which imply a dependency must be matched by a corresponding edge, of the kind the target calls for: a ref to a **backing service** must 
doctrine/infrastructure/cicl.md	537	process type	SVC	high	core service(s)	7. Magic refs which imply a dependency must be matched by a corresponding edge, of the kind the target calls for: a ref to a **backing service** must 
doctrine/infrastructure/cicl.md	537	process-type	SVC	high	core service(s)	7. Magic refs which imply a dependency must be matched by a corresponding edge, of the kind the target calls for: a ref to a **backing service** must 
doctrine/infrastructure/cicl.md	537	process type	SVC	high	core service(s)	7. Magic refs which imply a dependency must be matched by a corresponding edge, of the kind the target calls for: a ref to a **backing service** must 
doctrine/infrastructure/cicl.md	537	process type	SVC	high	core service(s)	7. Magic refs which imply a dependency must be matched by a corresponding edge, of the kind the target calls for: a ref to a **backing service** must 
doctrine/infrastructure/cicl.md	537	core_services	CB	high	codebase	7. Magic refs which imply a dependency must be matched by a corresponding edge, of the kind the target calls for: a ref to a **backing service** must 
doctrine/infrastructure/cicl.md	537	core service	CB	high	codebase	7. Magic refs which imply a dependency must be matched by a corresponding edge, of the kind the target calls for: a ref to a **backing service** must 
doctrine/infrastructure/cicl.md	538	core service	CB	high	codebase	8. Database roles (e.g. `relational_db`) all specify a valid `schema_owned_by` core service.
doctrine/infrastructure/cicl.md	540	process type	SVC	high	core service(s)	10. Every core service **process type** has a `resources:` block declaring at least `cpu` and `memory`.
doctrine/infrastructure/cicl.md	540	core service	AMBIG	low	codebase? or KEEP?	10. Every core service **process type** has a `resources:` block declaring at least `cpu` and `memory`.
doctrine/infrastructure/cicl.md	542	domain_default_process	KEY_FIELD	high	domain_default_service	12. `domain_default_process`, if set, names a process type that is on the `web` network.
doctrine/infrastructure/cicl.md	542	process type	SVC	high	core service(s)	12. `domain_default_process`, if set, names a process type that is on the `web` network.
doctrine/infrastructure/cicl.md	544	process type	SVC	high	core service(s)	14. Neither core service names nor process type names can be one of the following: [`dev`, `test`, `stage`, `prod`, `www`], because it makes domain pa
doctrine/infrastructure/cicl.md	544	core service	AMBIG	low	codebase? or KEEP?	14. Neither core service names nor process type names can be one of the following: [`dev`, `test`, `stage`, `prod`, `www`], because it makes domain pa
doctrine/infrastructure/cicl.md	545	process type	SVC	high	core service(s)	15. Every `web`-network **process type** declares a `port`.
doctrine/infrastructure/cicl.md	546	process type	SVC	high	core service(s)	16. A process type's *effective* `env:` (service-level merged under process-level) does not declare a key that also appears in the core service's `sec
doctrine/infrastructure/cicl.md	546	process-level	SVC	high	service-level	16. A process type's *effective* `env:` (service-level merged under process-level) does not declare a key that also appears in the core service's `sec
doctrine/infrastructure/cicl.md	546	core service	AMBIG	low	codebase? or KEEP?	16. A process type's *effective* `env:` (service-level merged under process-level) does not declare a key that also appears in the core service's `sec
doctrine/infrastructure/cicl.md	549	core service	AMBIG	low	codebase? or KEEP?	19. Every key a core service consumes from `config:` is declared in that service's `config:` block; config values live in the non-tracked `infra/confi
doctrine/infrastructure/cicl.md	552	core service	AMBIG	low	codebase? or KEEP?	22. Every core service declares a non-empty `processes:` block, and declares nothing at the service level outside `{processes, secrets, config, env}`.
doctrine/infrastructure/cicl.md	553	process type	SVC	high	core service(s)	23. Every process type declares a `command`.
doctrine/infrastructure/cicl.md	554	process type	SVC	high	core service(s)	24. `depends_on` names only backing services. A core process type in a `depends_on` list is an error.
doctrine/infrastructure/cicl.md	555	process types	SVC	high	core service(s)	25. `consumes` names only core process types, fully qualified as `<service>.<process>`. A bare core service name is an error, and a process type may n
doctrine/infrastructure/cicl.md	555	process type	SVC	high	core service(s)	25. `consumes` names only core process types, fully qualified as `<service>.<process>`. A bare core service name is an error, and a process type may n
doctrine/infrastructure/cicl.md	555	process type	SVC	high	core service(s)	25. `consumes` names only core process types, fully qualified as `<service>.<process>`. A bare core service name is an error, and a process type may n
doctrine/infrastructure/cicl.md	555	core service	AMBIG	low	codebase? or KEEP?	25. `consumes` names only core process types, fully qualified as `<service>.<process>`. A bare core service name is an error, and a process type may n
doctrine/infrastructure/cicl.md	556	process type	SVC	high	core service(s)	26. `replicas` is not declared on a `scheduler` process type.
doctrine/infrastructure/cicl.md	557	process types	SVC	high	core service(s)	27. `worker` and `scheduler` process types do not declare `web` in `networks`.
doctrine/infrastructure/cicl.md	558	process type	SVC	high	core service(s)	28. Every process type that declares `health_check_path` also declares a `port`. The path is only meaningful against a port — the probe is issued at `
doctrine/infrastructure/configurable.md	31	core services	AMBIG	low	codebase? or KEEP?	The classic example is the `postgres` engine's `POSTGRES_PASSWORD` variable. This must be set for the `relational_db` backing service when it launches
doctrine/infrastructure/contracts.md	9	process types	SVC	high	core service(s)	Contracts define the boundaries of core service [process types](./cicl.md#process-types). A process type can be a provider, a consumer, or both, depen
doctrine/infrastructure/contracts.md	9	process-types	SVC	high	core service(s)	Contracts define the boundaries of core service [process types](./cicl.md#process-types). A process type can be a provider, a consumer, or both, depen
doctrine/infrastructure/contracts.md	9	process type	SVC	high	core service(s)	Contracts define the boundaries of core service [process types](./cicl.md#process-types). A process type can be a provider, a consumer, or both, depen
doctrine/infrastructure/contracts.md	9	process type	SVC	high	core service(s)	Contracts define the boundaries of core service [process types](./cicl.md#process-types). A process type can be a provider, a consumer, or both, depen
doctrine/infrastructure/contracts.md	9	core service	AMBIG	low	codebase? or KEEP?	Contracts define the boundaries of core service [process types](./cicl.md#process-types). A process type can be a provider, a consumer, or both, depen
doctrine/infrastructure/contracts.md	11	process_name	IDENT	high	service_name	`$pr/infra/contracts/${service_name}.${process_name}.${contract_format}.yml`
doctrine/infrastructure/contracts.md	19	process type	SVC	high	core service(s)	The path is keyed on the process type unconditionally, and the format alone could not stand in for it: one codebase may run two HTTP process types — a
doctrine/infrastructure/contracts.md	19	process types	SVC	high	core service(s)	The path is keyed on the process type unconditionally, and the format alone could not stand in for it: one codebase may run two HTTP process types — a
doctrine/infrastructure/contracts.md	21	process types	SVC	high	core service(s)	**The provider set is (`consumes` targets) ∪ (`web`-network process types).** Both arms are load-bearing. The first is the declared interface graph. T
doctrine/infrastructure/contracts.md	35	process type	SVC	high	core service(s)	Note that while the contract format is dependent upon communication mechanism, it still describes the *core service process type*. An asyncapi.yml con
doctrine/infrastructure/contracts.md	35	core service	KEEP	high	(unchanged)	Note that while the contract format is dependent upon communication mechanism, it still describes the *core service process type*. An asyncapi.yml con
doctrine/infrastructure/contracts.md	39	core services	CB	high	codebase	In order for the `doctrine`'s infrastructure system to work, certain core services have mandatory endpoints which must exist in their contracts. If th
doctrine/infrastructure/contracts.md	43	process types	SVC	high	core service(s)	In order to pass staging tests, hosted process types must provide health checks reachable from the open web. Not every process type is publicly reacha
doctrine/infrastructure/contracts.md	43	process type	SVC	high	core service(s)	In order to pass staging tests, hosted process types must provide health checks reachable from the open web. Not every process type is publicly reacha
doctrine/infrastructure/contracts.md	47	process type	SVC	high	core service(s)	**Every long-running process type serves `GET /health`** on its declared `port`, on its internal network, returning the service version as `{version: 
doctrine/infrastructure/contracts.md	49	process type	PROTECTED_NEARBY	review	core service(s)	For a process type that owns a loop rather than a request cycle — a queue consumer, a stream processor, a polling worker — that endpoint must report t
doctrine/infrastructure/contracts.md	59	process types	SVC	high	core service(s)	`scheduler` process types are **exempt**. There is no long-running container to probe, and a scheduler is never a `consumes` target — cron invokes it 
doctrine/infrastructure/contracts.md	63	process type	SVC	high	core service(s)	Each `web`-network process type must additionally expose the health of everything it talks to that is not itself publicly reachable, at:
doctrine/infrastructure/contracts.md	65	process type	SVC	high	core service(s)	`/health/<service>/<process>` — returns `{version: "x.x.x"}` for that process type.
doctrine/infrastructure/contracts.md	69	core service	AMBIG	low	codebase? or KEEP?	`consumes` is the source rather than [`depends_on`](./cicl.md#depends-on-relationships) because a web edge does not `depends_on` its worker: it needs 
doctrine/infrastructure/contracts.md	83	process type	SVC	high	core service(s)	On elastic there is a second reason the `port` is required: it is exactly what makes a process type Service-Connect-discoverable, which is what lets a
doctrine/infrastructure/docex.md	30	core services	AMBIG	low	codebase? or KEEP?	Docex is run from the terminal e.g. `./bin/docex <command>`. Commands will perform a variety of tasks spanning the entire `doctrine`. Docex does so by
doctrine/infrastructure/docex.md	44	core_service	CB	high	codebase	| `build <core_service>` | Run `build.sh` for one or all core services. |
doctrine/infrastructure/docex.md	44	core services	CB	high	codebase	| `build <core_service>` | Run `build.sh` for one or all core services. |
doctrine/infrastructure/docex.md	46	core service	AMBIG	low	codebase? or KEEP?	| `migrate <env>` | Apply database migrations for each schema-owning core service in `<env>`. |
doctrine/infrastructure/docex.md	49	core service	CB	high	codebase	| `containerize` | Build and push core service prod images to the container registry. |
doctrine/infrastructure/docex.md	80	core_services	AMBIG	low	codebase? or KEEP?	Describes one role: its engines (and foundations), the **provided parts** that magic refs target (`${backing_services.<svc>.<part>}` for a backing rol
doctrine/infrastructure/docex.md	88	domain_default_process	KEY_FIELD	high	domain_default_service	The `development` side additionally verifies that every `dev` `web`-network hostname resolves in public DNS — one per `web` [process type](./cicl.md#p
doctrine/infrastructure/docex.md	88	process type	SVC	high	core service(s)	The `development` side additionally verifies that every `dev` `web`-network hostname resolves in public DNS — one per `web` [process type](./cicl.md#p
doctrine/infrastructure/docex.md	88	process-types	SVC	high	core service(s)	The `development` side additionally verifies that every `dev` `web`-network hostname resolves in public DNS — one per `web` [process type](./cicl.md#p
doctrine/infrastructure/docex.md	139	core service	AMBIG	low	codebase? or KEEP?	- **`scaffold`** reconciles the file's key set against the keys declared in each core service's `config:` block (adds missing empty, removes stale, pr
doctrine/infrastructure/docex.md	146	core services	AMBIG	low	codebase? or KEEP?	`./bin/docex build` to refresh `dist/` for all core services in the `dev` environment.
doctrine/infrastructure/docex.md	147	core service	AMBIG	low	codebase? or KEEP?	`./bin/docex build <core_service_name>` to refresh a specific core service.
doctrine/infrastructure/docex.md	149	process-type	SVC	high	core service(s)	Runs each core service's `build.sh` in a one-off container of that codebase's exec service (`docker compose run --rm … ./build.sh`), depositing artifa
doctrine/infrastructure/docex.md	149	core service	CB	high	codebase	Runs each core service's `build.sh` in a one-off container of that codebase's exec service (`docker compose run --rm … ./build.sh`), depositing artifa
doctrine/infrastructure/docex.md	155	core service	CB	high	codebase	Performs the CI/CD [build test step](./cicd.md#build-test-step). Brings up the `test` environment, runs each core service's `test.sh` inside its test-
doctrine/infrastructure/docex.md	167	core service	CB	high	codebase	Formally containerizes the build for release: `docker buildx build --platform <target> --target prod` for each core service, tag each resulting image 
doctrine/infrastructure/docex.md	167	core service	CB	high	codebase	Formally containerizes the build for release: `docker buildx build --platform <target> --target prod` for each core service, tag each resulting image 
doctrine/infrastructure/docex.md	171	core service	CB	high	codebase	Applies database migrations for each schema-owning core service in `<env>`. For `dev` and `test`, runs `migrate.sh` as a one-off container of each sch
doctrine/infrastructure/infrastructure.md	47	core service	KEEP	high	(unchanged)	+ Examples: `elastic` SGs, the `postgres` container for each environment, core service containers.
doctrine/infrastructure/infrastructure.md	121	core services	AMBIG	low	codebase? or KEEP?	+ **core services** which contain bespoke code for the project.
doctrine/infrastructure/infrastructure.md	123	process types	SVC	high	core service(s)	Both take the form of containers and both are described by `infra.yml`. However, **core services** are substantially more complex. Each core service h
doctrine/infrastructure/infrastructure.md	123	process-types	SVC	high	core service(s)	Both take the form of containers and both are described by `infra.yml`. However, **core services** are substantially more complex. Each core service h
doctrine/infrastructure/infrastructure.md	123	process type	SVC	high	core service(s)	Both take the form of containers and both are described by `infra.yml`. However, **core services** are substantially more complex. Each core service h
doctrine/infrastructure/infrastructure.md	123	core services	CB	high	codebase	Both take the form of containers and both are described by `infra.yml`. However, **core services** are substantially more complex. Each core service h
doctrine/infrastructure/infrastructure.md	123	core service	CB	high	codebase	Both take the form of containers and both are described by `infra.yml`. However, **core services** are substantially more complex. Each core service h
doctrine/infrastructure/infrastructure.md	125	core services	AMBIG	low	codebase? or KEEP?	This doctrine sets down some hard rules for core services:
doctrine/infrastructure/infrastructure.md	126	Core service	CB	high	codebase	1. **Core service sources never share code**. Each core service is a distinct codebase. This is a strict choice intended to enforce separation of conc
doctrine/infrastructure/infrastructure.md	126	core service	CB	high	codebase	1. **Core service sources never share code**. Each core service is a distinct codebase. This is a strict choice intended to enforce separation of conc
doctrine/infrastructure/infrastructure.md	126	Core services	CB	high	codebase	1. **Core service sources never share code**. Each core service is a distinct codebase. This is a strict choice intended to enforce separation of conc
doctrine/infrastructure/infrastructure.md	127	Core services	PROTECTED_NEARBY	review	codebase? or KEEP?	2. **Core services execute as stateless processes**. This is a direct principle of the 12-factor app. Processes are stateless and share nothing. All p
doctrine/infrastructure/infrastructure.md	190	Core services	AMBIG	low	codebase? or KEEP?	Core services go in the `core` folder. Each is given a name (like `api`) that will match the key under `core_services` in `infra.yml`. Each of these f
doctrine/infrastructure/infrastructure.md	190	core_services	AMBIG	low	codebase? or KEEP?	Core services go in the `core` folder. Each is given a name (like `api`) that will match the key under `core_services` in `infra.yml`. Each of these f
doctrine/infrastructure/infrastructure.md	190	core service	AMBIG	low	codebase? or KEEP?	Core services go in the `core` folder. Each is given a name (like `api`) that will match the key under `core_services` in `infra.yml`. Each of these f
doctrine/infrastructure/infrastructure.md	224	Core Service	KEEP	high	(unchanged)	### Core Service Containers
doctrine/infrastructure/infrastructure.md	226	Core services	CB	high	codebase	Core services must all have a Dockerfile which describes the environment the container provides to the code.
doctrine/infrastructure/infrastructure.md	228	process type	SVC	high	core service(s)	All core service containers place the service working directory at a fixed root: `/service`. This root maps to the "core service folder" in the source
doctrine/infrastructure/infrastructure.md	228	core service	AMBIG	mixed	codebase? or KEEP?	All core service containers place the service working directory at a fixed root: `/service`. This root maps to the "core service folder" in the source
doctrine/infrastructure/infrastructure.md	228	core service	AMBIG	mixed	codebase? or KEEP?	All core service containers place the service working directory at a fixed root: `/service`. This root maps to the "core service folder" in the source
doctrine/infrastructure/infrastructure.md	228	core service	AMBIG	mixed	codebase? or KEEP?	All core service containers place the service working directory at a fixed root: `/service`. This root maps to the "core service folder" in the source
doctrine/infrastructure/infrastructure.md	232	core services	AMBIG	low	codebase? or KEEP?	Dockerfiles will all describe multi-stage builds. The following list of stages must be available for *all* core services, as the CI/CD scripts will re
doctrine/infrastructure/infrastructure.md	243	process type	SVC	high	core service(s)	A core service's Dockerfile `CMD` is not used. Every process type declares its own [`command`](./cicl.md#process-types) in `infra.yml`, which is what 
doctrine/infrastructure/infrastructure.md	243	process-types	SVC	high	core service(s)	A core service's Dockerfile `CMD` is not used. Every process type declares its own [`command`](./cicl.md#process-types) in `infra.yml`, which is what 
doctrine/infrastructure/infrastructure.md	243	process types	SVC	high	core service(s)	A core service's Dockerfile `CMD` is not used. Every process type declares its own [`command`](./cicl.md#process-types) in `infra.yml`, which is what 
doctrine/infrastructure/infrastructure.md	243	core service	CB	high	codebase	A core service's Dockerfile `CMD` is not used. Every process type declares its own [`command`](./cicl.md#process-types) in `infra.yml`, which is what 
doctrine/infrastructure/infrastructure.md	245	core service	CB	high	codebase	Any core service that declares a `health_check_path` must carry `curl` in its image. Dockerfiles for such services should be written to install `curl`
doctrine/infrastructure/infrastructure.md	249	core service	KEEP	high	(unchanged)	Contracts define the boundaries of core service containers. They exist both:
doctrine/infrastructure/infrastructure.md	250	core service	AMBIG	low	codebase? or KEEP?	1. As a form of documentation, making it easy for a developer to know how to interact with a core service from the outside without having to understan
doctrine/infrastructure/infrastructure.md	253	process types	SVC	high	core service(s)	The idea is that all core service [process types](./cicl.md#process-types) are either providers, consumers, or both. A very simple case is a webapp wi
doctrine/infrastructure/infrastructure.md	253	process-types	SVC	high	core service(s)	The idea is that all core service [process types](./cicl.md#process-types) are either providers, consumers, or both. A very simple case is a webapp wi
doctrine/infrastructure/infrastructure.md	253	process types	SVC	high	core service(s)	The idea is that all core service [process types](./cicl.md#process-types) are either providers, consumers, or both. A very simple case is a webapp wi
doctrine/infrastructure/infrastructure.md	253	core service	AMBIG	low	codebase? or KEEP?	The idea is that all core service [process types](./cicl.md#process-types) are either providers, consumers, or both. A very simple case is a webapp wi
doctrine/infrastructure/infrastructure.md	253	core service	AMBIG	low	codebase? or KEEP?	The idea is that all core service [process types](./cicl.md#process-types) are either providers, consumers, or both. A very simple case is a webapp wi
doctrine/infrastructure/infrastructure.md	253	core service	AMBIG	low	codebase? or KEEP?	The idea is that all core service [process types](./cicl.md#process-types) are either providers, consumers, or both. A very simple case is a webapp wi
doctrine/infrastructure/infrastructure.md	262	process_name	IDENT	high	service_name	Provider process types have a contract which is stored at `$pr/infra/contracts/${service_name}.${process_name}.${contract_format}.yml`. The contract f
doctrine/infrastructure/infrastructure.md	262	process types	SVC	high	core service(s)	Provider process types have a contract which is stored at `$pr/infra/contracts/${service_name}.${process_name}.${contract_format}.yml`. The contract f
doctrine/infrastructure/infrastructure.md	263	core services	AMBIG	low	codebase? or KEEP?	+ `frontend.web` has no contract, as it is only a consumer relative to other core services.
doctrine/infrastructure/infrastructure.md	269	core service	AMBIG	low	codebase? or KEEP?	Every core service which is a provider *must* have a contract to pass CI checks.
doctrine/infrastructure/infrastructure.md	281	core services	AMBIG	low	codebase? or KEEP?	**contracts** - Contains contracts which describe the boundaries between core services.
doctrine/infrastructure/infrastructure.md	287	core service	AMBIG	low	codebase? or KEEP?	Put succinctly, *what gets reported* is a design concern and *how it moves across infrastructure* is a deterministic `docex` concern. It is the projec
doctrine/infrastructure/reasoning/cicl_reasoning.md	7	Process Types	SVC	high	core service(s)	## Process Types
doctrine/infrastructure/reasoning/cicl_reasoning.md	11	process types	SVC	high	core service(s)	This is relevant both for existing fields and new ones which might be developed in the future. A field can either be scoped to the whole service / cod
doctrine/infrastructure/reasoning/cicl_reasoning.md	11	process type	SVC	high	core service(s)	This is relevant both for existing fields and new ones which might be developed in the future. A field can either be scoped to the whole service / cod
doctrine/infrastructure/reasoning/cicl_reasoning.md	13	process type	SVC	high	core service(s)	> A field belongs to the **codebase** iff its value is determined by the source code. It belongs to the **process type** iff its value is determined b
doctrine/infrastructure/reasoning/cicl_reasoning.md	15	Process Type	SVC	high	core service(s)	| Service / Codebase Scoped | Process Type Scoped |
doctrine/infrastructure/reasoning/cicl_reasoning.md	24	process-scoped	SVC	high	service-scoped	Applying it: the *code* is what reads `STRIPE_API_KEY`, so `secrets:` is codebase-scoped. `migrations/` lives in the source tree, so migration ownersh
doctrine/infrastructure/reasoning/cicl_reasoning.md	26	process type	SVC	high	core service(s)	`env:` is the one field that straddles the principle, because some variables are code-determined (`DATABASE_HOST` — the code needs a database) and som
doctrine/infrastructure/reasoning/cicl_reasoning.md	26	process-level	SVC	high	service-level	`env:` is the one field that straddles the principle, because some variables are code-determined (`DATABASE_HOST` — the code needs a database) and som
doctrine/infrastructure/reasoning/elastic_release_pattern.md	12	core services	AMBIG	low	codebase? or KEEP?	The load balancer option is by far the most desirable. It mirrors how name resolution works on the `fixed` side. However, this choice would require a 
doctrine/infrastructure/reasoning/elastic_release_pattern.md	18	core service	CB	high	codebase	The trick is that the decentralized system must still centralize service name resolution. Service Connect achieves this with a Cloud Map registry of a
doctrine/infrastructure/reasoning/elastic_release_pattern.md	26	core services	AMBIG	low	codebase? or KEEP?	Currently, requiring all core services to be reachable via HTTP is an offshoot of requiring HTTP-based healthchecks (see [healtchecks.md](./healthchec
doctrine/infrastructure/reasoning/elastic_release_pattern.md	26	core service	AMBIG	low	codebase? or KEEP?	Currently, requiring all core services to be reachable via HTTP is an offshoot of requiring HTTP-based healthchecks (see [healtchecks.md](./healthchec
doctrine/infrastructure/reasoning/healthchecks.md	7	process types	SVC	high	core service(s)	All core service process types declare healthchecks. Any robust system that can autoscale and be evaluated by machine must expose these for all core s
doctrine/infrastructure/reasoning/healthchecks.md	7	process types	SVC	high	core service(s)	All core service process types declare healthchecks. Any robust system that can autoscale and be evaluated by machine must expose these for all core s
doctrine/infrastructure/reasoning/healthchecks.md	7	core service	KEEP	high	(unchanged)	All core service process types declare healthchecks. Any robust system that can autoscale and be evaluated by machine must expose these for all core s
doctrine/infrastructure/reasoning/healthchecks.md	7	core service	KEEP	high	(unchanged)	All core service process types declare healthchecks. Any robust system that can autoscale and be evaluated by machine must expose these for all core s
doctrine/infrastructure/shape.md	17	core_service	AMBIG	low	codebase? or KEEP?	In these sections, [service] is shorthand for "[core_service]s and [backing_service]s". Both [web_network] and [internal_network] are forms of [networ
doctrine/infrastructure/shape.md	19	process type	SVC	high	core service(s)	**Runtime Shape** - HTTP requests are routed to a [network] in order to interact with the codebase. [dns] routes a request by domain to the relevant p
doctrine/infrastructure/shape.md	19	process type	SVC	high	core service(s)	**Runtime Shape** - HTTP requests are routed to a [network] in order to interact with the codebase. [dns] routes a request by domain to the relevant p
doctrine/infrastructure/shape.md	19	core_service	CB	high	codebase	**Runtime Shape** - HTTP requests are routed to a [network] in order to interact with the codebase. [dns] routes a request by domain to the relevant p
doctrine/infrastructure/shape.md	19	core_service	CB	high	codebase	**Runtime Shape** - HTTP requests are routed to a [network] in order to interact with the codebase. [dns] routes a request by domain to the relevant p
doctrine/infrastructure/shape.md	25	process type	SVC	high	core service(s)	**Runtime Shape** - [registrar] sets [dns]; [dns] routes requests by domain to the [host_machine]. Here [web_demux] picks up 443/80 requests and forwa
doctrine/infrastructure/shape.md	25	process type	SVC	high	core service(s)	**Runtime Shape** - [registrar] sets [dns]; [dns] routes requests by domain to the [host_machine]. Here [web_demux] picks up 443/80 requests and forwa
doctrine/infrastructure/shape.md	25	process type	SVC	high	core service(s)	**Runtime Shape** - [registrar] sets [dns]; [dns] routes requests by domain to the [host_machine]. Here [web_demux] picks up 443/80 requests and forwa
doctrine/infrastructure/shape.md	25	core_service	AMBIG	low	codebase? or KEEP?	**Runtime Shape** - [registrar] sets [dns]; [dns] routes requests by domain to the [host_machine]. Here [web_demux] picks up 443/80 requests and forwa
doctrine/infrastructure/shape.md	47	process type	SVC	high	core service(s)	| core_service | environment | Docker container | A container running the project's own code (one of the project's [build_image]s). One container per 
doctrine/infrastructure/shape.md	47	process-types	SVC	high	core service(s)	| core_service | environment | Docker container | A container running the project's own code (one of the project's [build_image]s). One container per 
doctrine/infrastructure/shape.md	47	process types	SVC	high	core service(s)	| core_service | environment | Docker container | A container running the project's own code (one of the project's [build_image]s). One container per 
doctrine/infrastructure/shape.md	47	core_service	CB	high	codebase	| core_service | environment | Docker container | A container running the project's own code (one of the project's [build_image]s). One container per 
doctrine/infrastructure/shape.md	51	process type	SVC	high	core service(s)	| telemetry_sidecar | environment | OTel Collector | Collector sidecar, one distinct compose container per *emitted* [core_service] container — i.e. p
doctrine/infrastructure/shape.md	51	core_service	AMBIG	low	codebase? or KEEP?	| telemetry_sidecar | environment | OTel Collector | Collector sidecar, one distinct compose container per *emitted* [core_service] container — i.e. p
doctrine/infrastructure/shape.md	51	core_service	AMBIG	low	codebase? or KEEP?	| telemetry_sidecar | environment | OTel Collector | Collector sidecar, one distinct compose container per *emitted* [core_service] container — i.e. p
doctrine/infrastructure/shape.md	55	process type	SVC	high	core service(s)	**Runtime Shape** - [registrar] sets [dns]; [dns] routes requests by domain to the project's [reverse_proxy] within the [master_network]. The [reverse
doctrine/infrastructure/shape.md	55	process type	SVC	high	core service(s)	**Runtime Shape** - [registrar] sets [dns]; [dns] routes requests by domain to the project's [reverse_proxy] within the [master_network]. The [reverse
doctrine/infrastructure/shape.md	55	process type	SVC	high	core service(s)	**Runtime Shape** - [registrar] sets [dns]; [dns] routes requests by domain to the project's [reverse_proxy] within the [master_network]. The [reverse
doctrine/infrastructure/shape.md	55	core_service	AMBIG	low	codebase? or KEEP?	**Runtime Shape** - [registrar] sets [dns]; [dns] routes requests by domain to the project's [reverse_proxy] within the [master_network]. The [reverse
doctrine/infrastructure/shape.md	69	process type	SVC	high	core service(s)	| reverse_proxy | project | AWS ALB or EC2-with-traefik | Each project gets its own reverse proxy. This is project-configured either as an ALB or a sm
doctrine/infrastructure/shape.md	69	process types	SVC	high	core service(s)	| reverse_proxy | project | AWS ALB or EC2-with-traefik | Each project gets its own reverse proxy. This is project-configured either as an ALB or a sm
doctrine/infrastructure/shape.md	69	core_service	AMBIG	low	codebase? or KEEP?	| reverse_proxy | project | AWS ALB or EC2-with-traefik | Each project gets its own reverse proxy. This is project-configured either as an ALB or a sm
doctrine/infrastructure/shape.md	74	core_service	AMBIG	low	codebase? or KEEP?	| ecs_cluster | project | AWS ECS cluster | One empty cluster per production-side env (`${project}-stage`, `${project}-prod`), provisioned at the proj
doctrine/infrastructure/shape.md	77	process type	SVC	high	core service(s)	| core_service | environment | AWS ECS Fargate task | A Fargate container running one of the project's [build_image]s from ECR. One ECS service and ta
doctrine/infrastructure/shape.md	77	process-types	SVC	high	core service(s)	| core_service | environment | AWS ECS Fargate task | A Fargate container running one of the project's [build_image]s from ECR. One ECS service and ta
doctrine/infrastructure/shape.md	77	core_service	CB	high	codebase	| core_service | environment | AWS ECS Fargate task | A Fargate container running one of the project's [build_image]s from ECR. One ECS service and ta
doctrine/infrastructure/shape.md	81	process type	SVC	high	core service(s)	| telemetry_sidecar | environment | OTel Collector | Collector sidecar, one container inside each task definition that also runs an ECS service — so o
doctrine/infrastructure/shape.md	81	process-types	SVC	high	core service(s)	| telemetry_sidecar | environment | OTel Collector | Collector sidecar, one container inside each task definition that also runs an ECS service — so o
doctrine/infrastructure/shape.md	81	core_service	AMBIG	low	codebase? or KEEP?	| telemetry_sidecar | environment | OTel Collector | Collector sidecar, one container inside each task definition that also runs an ECS service — so o
doctrine/infrastructure/shape.md	85	process type	SVC	high	core service(s)	A project's foundation declaration in `infra.yml` applies *only* to the `stage` and `prod` environments. `test` and `dev` are always fixed, regardless
doctrine/infrastructure/shape.md	85	process-types	SVC	high	core service(s)	A project's foundation declaration in `infra.yml` applies *only* to the `stage` and `prod` environments. `test` and `dev` are always fixed, regardless
doctrine/infrastructure/shape.md	104	domain_default_process	KEY_FIELD	high	domain_default_service	domain_default_process: api.web
doctrine/infrastructure/shape.md	107	core_services:	KEY_TOP	high	codebases:	core_services:
doctrine/infrastructure/shape.md	115	processes:	KEY_NEST	high	core_services:	processes:
doctrine/infrastructure/shape.md	147	domain_default_process	KEY_FIELD	high	domain_default_service	- An `api-web` container on both networks (no published host port), with Traefik labels routing both `dev.myproject.example.com` (it's the `domain_def
doctrine/infrastructure/shape.md	162	process type	SVC	high	core service(s)	- ECR repo for the `api` image (one repo per codebase, shared by every process type)
doctrine/infrastructure/shape.md	173	process type	SVC	high	core service(s)	- 1 ALB target group for the prod `api-web` process type, plus 1 listener rule on the project ALB whose host-header condition matches the explicit set
doctrine/infrastructure/specifics/config_and_secrets.md	26	core service	AMBIG	low	codebase? or KEEP?	| **Secret** | a core service's `secrets:` block, a backing engine's `kind: secret` env var, or a doctrine-injected key (`TELEMETRY_API_KEY`) | operat
doctrine/infrastructure/specifics/config_and_secrets.md	27	core service	AMBIG	low	codebase? or KEEP?	| **Config** | a core service's `config:` block | operator-supplied, non-secret, freely LLM-readable, non-git-tracked | `infra/config/<env>.env` |
doctrine/infrastructure/specifics/config_and_secrets.md	233	core service	AMBIG	low	codebase? or KEEP?	A core service's container environment is *identical in shape* across both
doctrine/infrastructure/specifics/config_and_secrets.md	243	core service	AMBIG	low	codebase? or KEEP?	mechanism differs. The compiler binds these end-to-end: a core service's
doctrine/infrastructure/specifics/config_and_secrets.md	287	core service	AMBIG	low	codebase? or KEEP?	| `TELEMETRY_API_KEY` | stage, prod | The project's observability backend (HyperDX or equivalent) | The OTel sidecar paired with each core service. Se
doctrine/infrastructure/specifics/migrations.md	7	core service	CB	high	codebase	This file describes how database schema migrations — changes applied to a service's owned database — are invoked by `docex` at well-defined points in 
doctrine/infrastructure/specifics/migrations.md	13	core service	CB	high	codebase	Each backing service whose role uses `schema_owned_by` in `infra.yml` names a core service in that field — the **schema owner**. The named core servic
doctrine/infrastructure/specifics/migrations.md	13	core service	CB	high	codebase	Each backing service whose role uses `schema_owned_by` in `infra.yml` names a core service in that field — the **schema owner**. The named core servic
doctrine/infrastructure/specifics/migrations.md	23	process types	SVC	high	core service(s)	Migration is a **per-codebase** operation. `schema_owned_by` names a core service — a codebase — and `migrate.sh` runs once for that codebase however 
doctrine/infrastructure/specifics/migrations.md	23	process-types	SVC	high	core service(s)	Migration is a **per-codebase** operation. `schema_owned_by` names a core service — a codebase — and `migrate.sh` runs once for that codebase however 
doctrine/infrastructure/specifics/migrations.md	23	process-type	SVC	high	core service(s)	Migration is a **per-codebase** operation. `schema_owned_by` names a core service — a codebase — and `migrate.sh` runs once for that codebase however 
doctrine/infrastructure/specifics/migrations.md	23	core service	CB	high	codebase	Migration is a **per-codebase** operation. `schema_owned_by` names a core service — a codebase — and `migrate.sh` runs once for that codebase however 
doctrine/infrastructure/specifics/migrations.md	25	core service	CB	high	codebase	Only one core service may own a given database. This is enforced via the `schema_owned_by` field in CICL — by this mechanism, a backing service can on
doctrine/infrastructure/specifics/migrations.md	25	core service	CB	high	codebase	Only one core service may own a given database. This is enforced via the `schema_owned_by` field in CICL — by this mechanism, a backing service can on
doctrine/infrastructure/specifics/migrations.md	43	core_service	CB	high	codebase	run --rm <project>-<env>-<core_service>-exec ./migrate.sh
doctrine/infrastructure/specifics/migrations.md	46	Core Service	AMBIG	mixed	codebase? or KEEP?	(`./migrate.sh` is relative because the image's working directory is the fixed `/service` root — see [Core Service Containers](../infrastructure.md#co
doctrine/infrastructure/specifics/migrations.md	48	core service	CB	high	codebase	The exec service is the compiled block that *is* the codebase: one per core service, carrying the codebase's image, the dev bind mounts in `dev`, the 
doctrine/infrastructure/specifics/migrations.md	51	process type	SVC	high	core service(s)	- **It carries service-level `env:` only** — never a process type's overlay. That is what makes *`migrate.sh`, `test.sh`, and `build.sh` may depend on
doctrine/infrastructure/specifics/migrations.md	51	process-scoped	SVC	high	service-scoped	- **It carries service-level `env:` only** — never a process type's overlay. That is what makes *`migrate.sh`, `test.sh`, and `build.sh` may depend on
doctrine/infrastructure/specifics/migrations.md	53	process types	SVC	high	core service(s)	This also removes a question that has no good answer. A codebase with several [process types](../cicl.md#process-types) offers no principled way to pi
doctrine/infrastructure/specifics/migrations.md	53	process-types	SVC	high	core service(s)	This also removes a question that has no good answer. A codebase with several [process types](../cicl.md#process-types) offers no principled way to pi
doctrine/infrastructure/specifics/migrations.md	53	process type	SVC	high	core service(s)	This also removes a question that has no good answer. A codebase with several [process types](../cicl.md#process-types) offers no principled way to pi
doctrine/infrastructure/specifics/migrations.md	79	process type	SVC	high	core service(s)	For `stage`/`prod` on elastic projects, the compiler emits one "migration" ECS task definition per schema-owning **codebase** — family `${project}-${e
doctrine/infrastructure/specifics/migrations.md	79	process types	SVC	high	core service(s)	For `stage`/`prod` on elastic projects, the compiler emits one "migration" ECS task definition per schema-owning **codebase** — family `${project}-${e
doctrine/infrastructure/specifics/migrations.md	79	process type	SVC	high	core service(s)	For `stage`/`prod` on elastic projects, the compiler emits one "migration" ECS task definition per schema-owning **codebase** — family `${project}-${e
doctrine/infrastructure/specifics/migrations.md	119	process type	SVC	high	core service(s)	- **Schema ownership is enforced at compile time.** Each database backing service's `schema_owned_by` field names exactly one core service — a **codeb
doctrine/infrastructure/specifics/migrations.md	119	core service	CB	high	codebase	- **Schema ownership is enforced at compile time.** Each database backing service's `schema_owned_by` field names exactly one core service — a **codeb
doctrine/infrastructure/specifics/networks.md	19	process type	SVC	high	core service(s)	This file is concerned with the third row. Per-service network attachment is what the compiler decides on the basis of each core service **process typ
doctrine/infrastructure/specifics/networks.md	19	process type	SVC	high	core service(s)	This file is concerned with the third row. Per-service network attachment is what the compiler decides on the basis of each core service **process typ
doctrine/infrastructure/specifics/networks.md	19	core service	CB	high	codebase	This file is concerned with the third row. Per-service network attachment is what the compiler decides on the basis of each core service **process typ
doctrine/infrastructure/specifics/networks.md	44	process type	SVC	high	core service(s)	A service on the `web` network is reachable from the public internet over HTTP/S, at the [domain](../cicl.md#domain) derived from its **two-segment id
doctrine/infrastructure/specifics/networks.md	44	process types	SVC	high	core service(s)	A service on the `web` network is reachable from the public internet over HTTP/S, at the [domain](../cicl.md#domain) derived from its **two-segment id
doctrine/infrastructure/specifics/networks.md	60	process type	SVC	high	core service(s)	- **Fixed:** the container joins the `${project}-${env}-${network}` docker network, declared inside the env's compose file (not `external: true` — own
doctrine/infrastructure/specifics/projinfra/ec2_traefik.md	61	domain_default_process	KEY_FIELD	high	domain_default_service	**Labels.** `./bin/docex compile` emits the traefik labels onto each `web`-network service's container definition in the env-tier HCL. `exposedByDefau
doctrine/infrastructure/specifics/projinfra/ec2_traefik.md	61	process types	SVC	high	core service(s)	**Labels.** `./bin/docex compile` emits the traefik labels onto each `web`-network service's container definition in the env-tier HCL. `exposedByDefau
doctrine/infrastructure/specifics/projinfra/ec2_traefik.md	61	process type	SVC	high	core service(s)	**Labels.** `./bin/docex compile` emits the traefik labels onto each `web`-network service's container definition in the env-tier HCL. `exposedByDefau
doctrine/infrastructure/specifics/projinfra/ec2_traefik.md	61	process type	SVC	high	core service(s)	**Labels.** `./bin/docex compile` emits the traefik labels onto each `web`-network service's container definition in the env-tier HCL. `exposedByDefau
doctrine/infrastructure/specifics/projinfra/ec2_traefik.md	61	process types	SVC	high	core service(s)	**Labels.** `./bin/docex compile` emits the traefik labels onto each `web`-network service's container definition in the env-tier HCL. `exposedByDefau
doctrine/infrastructure/specifics/projinfra/ec2_traefik.md	70	domain_default_process	KEY_FIELD	high	domain_default_service	The provider fills in the backend server IPs from the running tasks it discovers; the label only declares the container port. ECS rotates task IPs as 
doctrine/infrastructure/specifics/projinfra/ec2_traefik.md	70	process types	SVC	high	core service(s)	The provider fills in the backend server IPs from the running tasks it discovers; the label only declares the container port. ECS rotates task IPs as 
doctrine/infrastructure/specifics/projinfra/elastic_acm_certs.md	21	domain_default_process	KEY_FIELD	high	domain_default_service	- `<project>.<apex_domain>` — the bare-project host, routing to prod's `domain_default_process`.
doctrine/infrastructure/specifics/projinfra/elastic_alb.md	64	domain_default_process	KEY_FIELD	high	domain_default_service	Each env-tier listener rule references the project ALB by ARN, which the env's `main.tf` reads via (this example assumes `api.web` is the project's `d
doctrine/infrastructure/specifics/projinfra/elastic_alb.md	64	process types	SVC	high	core service(s)	Each env-tier listener rule references the project ALB by ARN, which the env's `main.tf` reads via (this example assumes `api.web` is the project's `d
doctrine/infrastructure/specifics/projinfra/elastic_ecr.md	13	core service	AMBIG	low	codebase? or KEEP?	One ECR repository per core service, in the project's elastic region (currently `us-east-1`):
doctrine/infrastructure/specifics/projinfra/elastic_ecr.md	19	core services	AMBIG	low	codebase? or KEEP?	For a project named `myproject` with core services `api` and `worker`, the resources are `aws_ecr_repository.api` and `aws_ecr_repository.worker`, wit
doctrine/infrastructure/specifics/projinfra/elastic_ecr.md	42	core service	CB	high	codebase	For an elastic project, each core service's image reference at run time is:
doctrine/infrastructure/specifics/projinfra/elastic_ecr.md	65	core service	AMBIG	low	codebase? or KEEP?	The project's `main.tf` declares one output per core service:
doctrine/infrastructure/specifics/projinfra/elastic_ecr.md	77	core service	CB	high	codebase	When a core service is added to `infra.yml`, the next `./bin/docex projinfra up production` creates the new repository. When a core service is removed
doctrine/infrastructure/specifics/projinfra/elastic_ecr.md	77	core service	CB	high	codebase	When a core service is added to `infra.yml`, the next `./bin/docex projinfra up production` creates the new repository. When a core service is removed
doctrine/infrastructure/specifics/projinfra/elastic_iam.md	59	core service	AMBIG	low	codebase? or KEEP?	# one entry per core service
doctrine/infrastructure/specifics/projinfra/elastic_iam.md	114	core service	AMBIG	low	codebase? or KEEP?	The role comes up with `./bin/docex projinfra up production` and is updated on every projinfra-apply that changes the project's ECR repositories or co
doctrine/infrastructure/specifics/projinfra/fixed_reverse_proxy.md	19	core service	KEEP	high	(unchanged)	2. **Reverse proxy.** Decrypted requests are routed by hostname (the per-service domain or one of the bare-env / bare-project forms — see [cicl.md § D
doctrine/infrastructure/specifics/projinfra/fixed_reverse_proxy.md	112	domain_default_process	KEY_FIELD	high	domain_default_service	Each `web`-network process type gets its own cert keyed to its domain (`<service>-<process>.<env>.<project>.<apex_domain>`), plus the bare-env (and, i
doctrine/infrastructure/specifics/projinfra/fixed_reverse_proxy.md	112	process type	SVC	high	core service(s)	Each `web`-network process type gets its own cert keyed to its domain (`<service>-<process>.<env>.<project>.<apex_domain>`), plus the bare-env (and, i
doctrine/infrastructure/specifics/projinfra/fixed_reverse_proxy.md	128	core service	AMBIG	low	codebase? or KEEP?	The compiled env-tier `compose.yml` files emit each `web`-network core service with traefik discovery labels (see [transfer_tables.md § Per-container 
doctrine/infrastructure/specifics/projinfra/projinfra.md	85	core service	AMBIG	low	codebase? or KEEP?	| What gets created | OpenTofu state backend (S3 + DynamoDB); Route53 hosted zone; two ACM certs; the project reverse proxy (ALB *or* EC2-traefik depe
doctrine/infrastructure/specifics/release.md	80	process type	SVC	high	core service(s)	4. **Reconcile Service Connect consumers** — see [§ Service Connect Consumer Reconcile](#service-connect-consumer-reconcile) below. A no-op on any rel
doctrine/infrastructure/specifics/release.md	89	core services	AMBIG	low	codebase? or KEEP?	- The ECS services for the env's core services (attached into the project-tier `${project}-${env}` cluster, which projinfra already created — see [sha
doctrine/infrastructure/specifics/release.md	94	core service	CB	high	codebase	For a typical release where only the image tag has changed, this updates each core service's ECS task definition, causing ECS to roll the service: pul
doctrine/infrastructure/specifics/release.md	103	process type	SVC	high	core service(s)	2. Redeploys (`forceNewDeployment`) every core process type declaring a `consumes` target whose endpoint is **new in that diff**.
doctrine/infrastructure/specifics/release.md	108	process type	SVC	high	core service(s)	- **It is a no-op unless the shape changed.** A release that adds no process type registers no endpoint, so the diff is empty and the cost is one extr
doctrine/infrastructure/specifics/scheduler.md	10	process type	SVC	high	core service(s)	**process type** declares a `command` and a `schedule`, and `docex` arranges for
doctrine/infrastructure/specifics/scheduler.md	12	process type	SVC	high	core service(s)	codebase-and-process env/secret surface any process type of that env receives.
doctrine/infrastructure/specifics/scheduler.md	17	Process Types	SVC	high	core service(s)	and [cicl.md § Process Types](../cicl.md#process-types).
doctrine/infrastructure/specifics/scheduler.md	17	process-types	SVC	high	core service(s)	and [cicl.md § Process Types](../cicl.md#process-types).
doctrine/infrastructure/specifics/scheduler.md	19	process type	SVC	high	core service(s)	## What a scheduler process type is
doctrine/infrastructure/specifics/scheduler.md	21	process type	SVC	high	core service(s)	A `scheduler` process type is one way of invoking a core service's image (the
doctrine/infrastructure/specifics/scheduler.md	21	core service	CB	high	codebase	A `scheduler` process type is one way of invoking a core service's image (the
doctrine/infrastructure/specifics/scheduler.md	23	process type	SVC	high	core service(s)	a `web` process type it does not serve HTTP, may not declare the `web` network
doctrine/infrastructure/specifics/scheduler.md	30	core_services:	KEY_TOP	high	codebases:	core_services:
doctrine/infrastructure/specifics/scheduler.md	35	process type	SVC	high	core service(s)	# ... codebase-scoped env, merged into every process type
doctrine/infrastructure/specifics/scheduler.md	36	processes:	KEY_NEST	high	core_services:	processes:
doctrine/infrastructure/specifics/scheduler.md	37	process type	SVC	high	core service(s)	nightly_cleanup:                          # the process type, named for the job
doctrine/infrastructure/specifics/scheduler.md	46	process type	SVC	high	core service(s)	Note the codebase is named `jobs` and the process type is named for the job, per
doctrine/infrastructure/specifics/scheduler.md	51	core service	CB	high	codebase	The image is derived exactly as for any core service and is keyed on the
doctrine/infrastructure/specifics/scheduler.md	55	process type	SVC	high	core service(s)	and its sibling `web` process type run **one** tag. The `resources:`,
doctrine/infrastructure/specifics/scheduler.md	57	process type	SVC	high	core service(s)	identically to a `web` process type. Only the trigger differs.
doctrine/infrastructure/specifics/scheduler.md	84	process type	SVC	high	core service(s)	`schedule:` is required on a `scheduler` process type and rejected on a process
doctrine/infrastructure/specifics/scheduler.md	86	process type	SVC	high	core service(s)	process type now (per [cicl.md](../cicl.md#service-fields)), so requiring it here
doctrine/infrastructure/specifics/scheduler.md	95	process type	SVC	high	core service(s)	For a `scheduler` process type `<proc>` of core service `<svc>`, `docex compile`
doctrine/infrastructure/specifics/scheduler.md	95	core service	AMBIG	low	codebase? or KEEP?	For a `scheduler` process type `<proc>` of core service `<svc>`, `docex compile`
doctrine/infrastructure/specifics/scheduler.md	98	process type	SVC	high	core service(s)	One trigger per process type, so a codebase with three jobs gets three. It:
doctrine/infrastructure/specifics/scheduler.md	118	process types	SVC	high	core service(s)	image = myproject/jobs:0.4.2                 ; the CODEBASE image — same tag its sibling process types run
doctrine/infrastructure/specifics/scheduler.md	119	process type	SVC	high	core service(s)	network = myproject-dev-internal             ; the process type's non-web network(s)
doctrine/infrastructure/specifics/scheduler.md	140	process types	SVC	high	core service(s)	rather than the host's live `dist/`. Sibling process types get the `src/` and
doctrine/infrastructure/specifics/scheduler.md	149	process type	SVC	high	core service(s)	process type of that env sees** — `DATABASE_HOST`, the doctrine-injected
doctrine/infrastructure/specifics/scheduler.md	160	process type	SVC	high	core service(s)	process type's effective `env:` (codebase-scoped merged under process-scoped) —
doctrine/infrastructure/specifics/scheduler.md	160	process-scoped	SVC	high	service-scoped	process type's effective `env:` (codebase-scoped merged under process-scoped) —
doctrine/infrastructure/specifics/scheduler.md	209	process type	SVC	high	core service(s)	On elastic a `scheduler` process type compiles to two emit destinations and one
doctrine/infrastructure/specifics/scheduler.md	212	process type	SVC	high	core service(s)	1. **`task_definition`** — the same task-def machinery a `web` process type uses:
doctrine/infrastructure/specifics/scheduler.md	218	process types	SVC	high	core service(s)	long-running process types (those that also emit `ecs_service`), and a one-shot
doctrine/infrastructure/specifics/scheduler.md	221	process type	SVC	high	core service(s)	process type and a nightly job gets exactly one sidecar — for the web process —
doctrine/infrastructure/specifics/scheduler.md	236	process type	SVC	high	core service(s)	subnet with the process type's non-`web` security group(s) and
doctrine/infrastructure/specifics/scheduler.md	240	process type	SVC	high	core service(s)	with an inline policy granting `ecs:RunTask` on the `scheduler` process type's
doctrine/infrastructure/specifics/scheduler.md	242	process type	SVC	high	core service(s)	(and the process type's task role, if it declares one). Scoped to this project's
doctrine/infrastructure/specifics/scheduler.md	257	process type	SVC	high	core service(s)	exception: no Ofelia container is emitted for a `scheduler` process type there,
doctrine/infrastructure/specifics/scheduler.md	268	process type	SVC	high	core service(s)	Ofelia container for a `scheduler` process type, so the job never fires inside
doctrine/infrastructure/specifics/scheduler.md	271	process type	SVC	high	core service(s)	is never reached for `test`). The `scheduler` process type is otherwise inert in
doctrine/infrastructure/specifics/scheduler.md	276	process type	SVC	high	core service(s)	dropped in `test`, a `scheduler` process type contributes nothing to the `test`
doctrine/infrastructure/specifics/telemetry_infra.md	9	core service	AMBIG	low	codebase? or KEEP?	Scope: how the OTel collector sidecar is shaped, configured, secured, and wired into each core service's runtime, per foundation, plus the Class-2 con
doctrine/infrastructure/specifics/telemetry_infra.md	13	core service	AMBIG	low	codebase? or KEEP?	Two distinct classes of output leave a core service, and only the first flows through the OTel sidecar this document otherwise describes:
doctrine/infrastructure/specifics/telemetry_infra.md	40	core services	AMBIG	low	codebase? or KEEP?	- The `otlp` receiver listens on `:4318` (HTTP/protobuf) — matching the `OTEL_EXPORTER_OTLP_PROTOCOL=http/protobuf` the doctrine injects into core ser
doctrine/infrastructure/specifics/telemetry_infra.md	102	Core Services	AMBIG	low	codebase? or KEEP?	### Env Vars Injected on Core Services
doctrine/infrastructure/specifics/telemetry_infra.md	104	process type	SVC	high	core service(s)	Every core service **process type** receives the doctrine-injected env vars defined in [transfer_tables.md § Per-core-service env](./transfer_tables.m
doctrine/infrastructure/specifics/telemetry_infra.md	104	core service	AMBIG	low	codebase? or KEEP?	Every core service **process type** receives the doctrine-injected env vars defined in [transfer_tables.md § Per-core-service env](./transfer_tables.m
doctrine/infrastructure/specifics/telemetry_infra.md	109	process type	SVC	high	core service(s)	| `OTEL_SERVICE_NAME` | The process type's compiled identity, `<core_service>-<process>` | OTel-standard service identity |
doctrine/infrastructure/specifics/telemetry_infra.md	109	core_service	AMBIG	low	codebase? or KEEP?	| `OTEL_SERVICE_NAME` | The process type's compiled identity, `<core_service>-<process>` | OTel-standard service identity |
doctrine/infrastructure/specifics/telemetry_infra.md	110	core service	AMBIG	low	codebase? or KEEP?	| `OTEL_EXPORTER_OTLP_ENDPOINT` | `http://localhost:4318` | Same on both foundations — the paired sidecar shares the core service's network namespace,
doctrine/infrastructure/specifics/telemetry_infra.md	112	process_type	SVC	high	core service(s)	| `OTEL_RESOURCE_ATTRIBUTES` | `service.namespace=${project_name},service.version=${project_version},deployment.environment.name=${env_name},docex.cor
doctrine/infrastructure/specifics/telemetry_infra.md	112	core_service	AMBIG	low	codebase? or KEEP?	| `OTEL_RESOURCE_ATTRIBUTES` | `service.namespace=${project_name},service.version=${project_version},deployment.environment.name=${env_name},docex.cor
doctrine/infrastructure/specifics/telemetry_infra.md	112	core_service	AMBIG	low	codebase? or KEEP?	| `OTEL_RESOURCE_ATTRIBUTES` | `service.namespace=${project_name},service.version=${project_version},deployment.environment.name=${env_name},docex.cor
doctrine/infrastructure/specifics/telemetry_infra.md	166	Core service	AMBIG	low	codebase? or KEEP?	| Sidecar crashed | Core service's SDK can't reach `OTEL_EXPORTER_OTLP_ENDPOINT`; SDK buffers briefly, then drops | Sidecar container logs; on elastic
doctrine/infrastructure/specifics/telemetry_infra.md	171	core service	AMBIG	low	codebase? or KEEP?	| App signals not appearing in backend at all | Could be SDK not wired up, sidecar unreachable, or backend silently dropping | Bottom-up: confirm SDK 
doctrine/infrastructure/specifics/telemetry_infra.md	181	process type	SVC	high	core service(s)	For each **emitted** core service container, `docex compile` emits an additional compose service named `<container>-otelcol`. For a process type `<pro
doctrine/infrastructure/specifics/telemetry_infra.md	181	core service	KEEP	high	(unchanged)	For each **emitted** core service container, `docex compile` emits an additional compose service named `<container>-otelcol`. For a process type `<pro
doctrine/infrastructure/specifics/telemetry_infra.md	181	core service	KEEP	high	(unchanged)	For each **emitted** core service container, `docex compile` emits an additional compose service named `<container>-otelcol`. For a process type `<pro
doctrine/infrastructure/specifics/telemetry_infra.md	183	process type	SVC	high	core service(s)	A `scheduler` process type gets **no** sidecar: there is no long-running container to pair with. So a codebase with a `web` process type and a nightly
doctrine/infrastructure/specifics/telemetry_infra.md	183	process type	SVC	high	core service(s)	A `scheduler` process type gets **no** sidecar: there is no long-running container to pair with. So a codebase with a `web` process type and a nightly
doctrine/infrastructure/specifics/telemetry_infra.md	187	core service	AMBIG	low	codebase? or KEEP?	Netns sharing on fixed deliberately mirrors the ECS task-netns sharing on elastic — the two foundations end up with identical loopback semantics, so `
doctrine/infrastructure/specifics/telemetry_infra.md	187	core service	AMBIG	low	codebase? or KEEP?	Netns sharing on fixed deliberately mirrors the ECS task-netns sharing on elastic — the two foundations end up with identical loopback semantics, so `
doctrine/infrastructure/specifics/telemetry_infra.md	216	core service	AMBIG	low	codebase? or KEEP?	The core service reaches its sidecar at `localhost:4318` — `network_mode: "service:<svc>-<proc>"` makes the core service and the sidecar share a loopb
doctrine/infrastructure/specifics/telemetry_infra.md	216	core service	AMBIG	low	codebase? or KEEP?	The core service reaches its sidecar at `localhost:4318` — `network_mode: "service:<svc>-<proc>"` makes the core service and the sidecar share a loopb
doctrine/infrastructure/specifics/telemetry_infra.md	216	core service	AMBIG	low	codebase? or KEEP?	The core service reaches its sidecar at `localhost:4318` — `network_mode: "service:<svc>-<proc>"` makes the core service and the sidecar share a loopb
doctrine/infrastructure/specifics/telemetry_infra.md	238	core service	CB	high	codebase	The sidecar runs otelcol's `health_check` extension on `127.0.0.1:13133`, but **no compose `healthcheck:` block is emitted** — the `otel/opentelemetry
doctrine/infrastructure/specifics/telemetry_infra.md	240	core service	AMBIG	low	codebase? or KEEP?	The core service does **not** declare a `depends_on` healthcheck on `<svc>-<proc>-otelcol`. With `network_mode: "service:<svc>-<proc>"`, compose enfor
doctrine/infrastructure/specifics/telemetry_infra.md	240	core service	AMBIG	low	codebase? or KEEP?	The core service does **not** declare a `depends_on` healthcheck on `<svc>-<proc>-otelcol`. With `network_mode: "service:<svc>-<proc>"`, compose enfor
doctrine/infrastructure/specifics/telemetry_infra.md	240	core service	AMBIG	low	codebase? or KEEP?	The core service does **not** declare a `depends_on` healthcheck on `<svc>-<proc>-otelcol`. With `network_mode: "service:<svc>-<proc>"`, compose enfor
doctrine/infrastructure/specifics/telemetry_infra.md	242	core service	AMBIG	low	codebase? or KEEP?	This means the core service does not have a guaranteed sidecar at `t=0`. The OTel SDK's default batch/retry behavior covers the brief startup window —
doctrine/infrastructure/specifics/telemetry_infra.md	254	process type	SVC	high	core service(s)	For each core service **process type** that also runs an ECS service, the task definition contains two containers: the application container and an `<
doctrine/infrastructure/specifics/telemetry_infra.md	254	core service	AMBIG	low	codebase? or KEEP?	For each core service **process type** that also runs an ECS service, the task definition contains two containers: the application container and an `<
doctrine/infrastructure/specifics/telemetry_infra.md	256	process type	SVC	high	core service(s)	Two task definitions carry no sidecar: a `scheduler` process type's (it emits no `ecs_service` — nothing runs continuously) and the per-codebase migra
doctrine/infrastructure/specifics/telemetry_infra.md	264	core service	AMBIG	low	codebase? or KEEP?	# ... core service definition ...
doctrine/infrastructure/specifics/telemetry_infra.md	289	core service	KEEP	high	(unchanged)	The core service reaches its sidecar at `localhost:4318` — shared task netns. The compiled value of `OTEL_EXPORTER_OTLP_ENDPOINT` on the core service 
doctrine/infrastructure/specifics/telemetry_infra.md	289	core service	KEEP	high	(unchanged)	The core service reaches its sidecar at `localhost:4318` — shared task netns. The compiled value of `OTEL_EXPORTER_OTLP_ENDPOINT` on the core service 
doctrine/infrastructure/specifics/telemetry_infra.md	319	core service	AMBIG	low	codebase? or KEEP?	The sidecar is declared `essential: false` — a sidecar crash doesn't kill the task. The core service stays serving; the SDK harmlessly buffers signals
doctrine/infrastructure/specifics/telemetry_infra.md	321	core service	AMBIG	low	codebase? or KEEP?	The core service declares:
doctrine/infrastructure/specifics/telemetry_infra.md	329	core service	CB	high	codebase	so the sidecar container is started before the core service. The condition is `START`, not `HEALTHY` — the collector image is built `FROM scratch` wit
doctrine/infrastructure/specifics/telemetry_infra.md	333	core service	AMBIG	low	codebase? or KEEP?	ECS Fargate tasks declare CPU and memory at the task level; per-container allocations come from the task's totals. The sidecar's 0.1 vCPU / 128 MB all
doctrine/infrastructure/specifics/telemetry_infra.md	335	core service	AMBIG	low	codebase? or KEEP?	A core service with `resources: { cpu: 1.0, memory: 2GB }` in `infra.yml` produces a Fargate task whose task-level totals are the core service's reque
doctrine/infrastructure/specifics/telemetry_infra.md	335	core service	AMBIG	low	codebase? or KEEP?	A core service with `resources: { cpu: 1.0, memory: 2GB }` in `infra.yml` produces a Fargate task whose task-level totals are the core service's reque
doctrine/infrastructure/specifics/telemetry_infra.md	335	core service	AMBIG	low	codebase? or KEEP?	A core service with `resources: { cpu: 1.0, memory: 2GB }` in `infra.yml` produces a Fargate task whose task-level totals are the core service's reque
doctrine/infrastructure/specifics/telemetry_infra.md	341	process type	SVC	high	core service(s)	**The overhead is per task definition, so it is per process type.** A codebase
doctrine/infrastructure/specifics/telemetry_infra.md	342	process type	SVC	high	core service(s)	with a `web` and a `worker` process type produces two task definitions and pays
doctrine/infrastructure/specifics/telemetry_infra.md	344	process type	SVC	high	core service(s)	sizing is declared per process type, so this is the intended shape rather than a
doctrine/infrastructure/specifics/telemetry_infra.md	345	process type	SVC	high	core service(s)	surprise. A `scheduler` process type pays it **zero** times, since it emits no
doctrine/infrastructure/specifics/telemetry_infra.md	349	process type	SVC	high	core service(s)	collectors in an env is the **sum**, over each non-`scheduler` process type, of
doctrine/infrastructure/specifics/telemetry_infra.md	350	process type	SVC	high	core service(s)	that process type's effective replica count. It is a sum and not a product,
doctrine/infrastructure/specifics/telemetry_infra.md	351	process type	SVC	high	core service(s)	because `replicas` is declared per process type — a `web` with `replicas: 3`
doctrine/infrastructure/specifics/transfer_tables.md	56	process type	SVC	high	core service(s)	| `${name}` | The service's identity as the compiler keys it: the simple `infra.yml` name for a backing service (e.g. `database`), and the two-segment
doctrine/infrastructure/specifics/transfer_tables.md	56	process-types	SVC	high	core service(s)	| `${name}` | The service's identity as the compiler keys it: the simple `infra.yml` name for a backing service (e.g. `database`), and the two-segment
doctrine/infrastructure/specifics/transfer_tables.md	368	Core service	AMBIG	low	codebase? or KEEP?	- **No project-side `engine:` declaration.** Core service roles have a single canonical engine (`container`); the project does not pick one in `infra.
doctrine/infrastructure/specifics/transfer_tables.md	369	Core services	AMBIG	low	codebase? or KEEP?	- **`env: {}` is empty.** Core services do not introduce engine-required env vars the way postgres does (POSTGRES_USER, etc.). The project's own env v
doctrine/infrastructure/specifics/transfer_tables.md	369	core_services	AMBIG	low	codebase? or KEEP?	- **`env: {}` is empty.** Core services do not introduce engine-required env vars the way postgres does (POSTGRES_USER, etc.). The project's own env v
doctrine/infrastructure/specifics/transfer_tables.md	370	core service	AMBIG	low	codebase? or KEEP?	- **`provides:` is symmetric across foundations.** Apps reach a core service by the same name on both foundations: `myproject-prod-api` resolves via t
doctrine/infrastructure/specifics/transfer_tables.md	391	core service	AMBIG	low	codebase? or KEEP?	A backing service whose engine declares `emits.elastic: [task_definition, ecs_service]` is rendered as an ECS Fargate task on elastic — identical to h
doctrine/infrastructure/specifics/transfer_tables.md	436	process types	PROTECTED_NEARBY	review	core service(s)	The doctrine ships canonical engines for the common roles — `relational_db/postgres`, `cache/redis`, `object_store/{minio,s3}`, `web/container`, `work
doctrine/infrastructure/specifics/transfer_tables.md	606	core_services:	KEY_TOP	high	codebases:	core_services:
doctrine/infrastructure/specifics/transfer_tables.md	676	core_services:	KEY_TOP	high	codebases:	core_services:
doctrine/infrastructure/specifics/transfer_tables.md	708	process type	SVC	high	core service(s)	Every compose service receives — for a core service, once per [process type](../cicl.md#process-types):
doctrine/infrastructure/specifics/transfer_tables.md	708	process-types	SVC	high	core service(s)	Every compose service receives — for a core service, once per [process type](../cicl.md#process-types):
doctrine/infrastructure/specifics/transfer_tables.md	708	core service	AMBIG	low	codebase? or KEEP?	Every compose service receives — for a core service, once per [process type](../cicl.md#process-types):
doctrine/infrastructure/specifics/transfer_tables.md	719	core services	AMBIG	low	codebase? or KEEP?	The `docex.project` label is emitted on **every** container the compiler produces — core services, backing services, and OTel sidecars alike, not just
doctrine/infrastructure/specifics/transfer_tables.md	721	process type	SVC	high	core service(s)	**Under a replica unroll the shape shifts, and only then.** When a process type
doctrine/infrastructure/specifics/transfer_tables.md	728	process type	SVC	high	core service(s)	thing whether a process type has one replica or four. Outside that case there is
doctrine/infrastructure/specifics/transfer_tables.md	747	process type	SVC	high	core service(s)	`web` process type's replicas. Qualifying the labels per replica would instead
doctrine/infrastructure/specifics/transfer_tables.md	750	domain_default_process	KEY_FIELD	high	domain_default_service	`${host_rule}` is the per-process-type host rule derived from [cicl.md § Domain](../cicl.md#domain) — `Host(\`${service}-${process}.${env}.${project}.
doctrine/infrastructure/specifics/transfer_tables.md	750	process-type	SVC	high	core service(s)	`${host_rule}` is the per-process-type host rule derived from [cicl.md § Domain](../cicl.md#domain) — `Host(\`${service}-${process}.${env}.${project}.
doctrine/infrastructure/specifics/transfer_tables.md	756	core service	AMBIG	low	codebase? or KEEP?	Every core service — regardless of foundation — additionally receives a set of doctrine-injected env vars:
doctrine/infrastructure/specifics/transfer_tables.md	761	process type	SVC	high	core service(s)	| `OTEL_SERVICE_NAME` | The process type's compiled identity, `<core_service>-<process>` | `infra.yml` `core_services.<svc>.processes.<proc>` keys, hy
doctrine/infrastructure/specifics/transfer_tables.md	761	core_service	AMBIG	low	codebase? or KEEP?	| `OTEL_SERVICE_NAME` | The process type's compiled identity, `<core_service>-<process>` | `infra.yml` `core_services.<svc>.processes.<proc>` keys, hy
doctrine/infrastructure/specifics/transfer_tables.md	761	core_services	AMBIG	low	codebase? or KEEP?	| `OTEL_SERVICE_NAME` | The process type's compiled identity, `<core_service>-<process>` | `infra.yml` `core_services.<svc>.processes.<proc>` keys, hy
doctrine/infrastructure/specifics/transfer_tables.md	762	core service	AMBIG	low	codebase? or KEEP?	| `OTEL_EXPORTER_OTLP_ENDPOINT` | `http://localhost:4318` | Doctrine-fixed. The paired OTel sidecar shares the core service's network namespace, so lo
doctrine/infrastructure/specifics/transfer_tables.md	764	process_type	SVC	high	core service(s)	| `OTEL_RESOURCE_ATTRIBUTES` | `service.namespace=${project_name},service.version=${project_version},deployment.environment.name=${env_name},docex.cor
doctrine/infrastructure/specifics/transfer_tables.md	764	core_service	AMBIG	low	codebase? or KEEP?	| `OTEL_RESOURCE_ATTRIBUTES` | `service.namespace=${project_name},service.version=${project_version},deployment.environment.name=${env_name},docex.cor
doctrine/infrastructure/specifics/transfer_tables.md	764	core_service	AMBIG	low	codebase? or KEEP?	| `OTEL_RESOURCE_ATTRIBUTES` | `service.namespace=${project_name},service.version=${project_version},deployment.environment.name=${env_name},docex.cor
doctrine/infrastructure/specifics/transfer_tables.md	766	core service	AMBIG	low	codebase? or KEEP?	These variables are doctrine-injected, not project-declared — a project's `infra.yml` need not list them under `env:`, and listing them explicitly is 
doctrine/infrastructure/specifics/transfer_tables.md	770	core service	KEEP	high	(unchanged)	The four `OTEL_*` variables are the OTel SDK's standard auto-discovery surface: any conformant SDK reads them from the environment at startup, so appl
doctrine/infrastructure/specifics/transfer_tables.md	773	process type	SVC	high	core service(s)	a **process type**'s container receives. The compiler also emits two artifacts
doctrine/infrastructure/specifics/transfer_tables.md	774	process type	SVC	high	core service(s)	that belong to the **codebase** rather than to any process type — the per-codebase
doctrine/infrastructure/specifics/transfer_tables.md	778	process-type	SVC	high	core service(s)	| Key | process-type surface | per-codebase surface |
doctrine/infrastructure/specifics/transfer_tables.md	780	core service	AMBIG	low	codebase? or KEEP?	| `OTEL_SERVICE_NAME` | `api-web` — the compiled identity | `api` — the **authoring** core service name |
doctrine/infrastructure/specifics/transfer_tables.md	781	core_service	AMBIG	low	codebase? or KEEP?	| `docex.core_service` | `api` | `api` |
doctrine/infrastructure/specifics/transfer_tables.md	782	process_type	SVC	high	core service(s)	| `docex.process_type` | `web` | *absent* |
doctrine/infrastructure/specifics/transfer_tables.md	789	process_type	SVC	high	core service(s)	**`docex.process_type`'s presence is the signal.** It is set if and only if the
doctrine/infrastructure/specifics/transfer_tables.md	790	process type	SVC	high	core service(s)	emitter is a declared process type, so its absence identifies a per-codebase
doctrine/infrastructure/specifics/transfer_tables.md	796	core services	AMBIG	low	codebase? or KEEP?	Backing services do not receive these env vars. They run third-party software with no application-side code that would consume `PROJECT_VERSION`, and 
doctrine/infrastructure/specifics/transfer_tables.md	829	core_service	AMBIG	low	codebase? or KEEP?	shape_name = "${shape_name}"   # core_service | backing_service
doctrine/infrastructure/specifics/transfer_tables.md	834	process_name	IDENT	high	service_name	process    = "${process_name}"  # core process types only; key OMITTED otherwise
doctrine/infrastructure/specifics/transfer_tables.md	834	process types	SVC	high	core service(s)	process    = "${process_name}"  # core process types only; key OMITTED otherwise
doctrine/infrastructure/specifics/transfer_tables.md	836	process_name	IDENT	high	service_name	Name       = "${project_name}_${env_name}_${core_service_name}_${process_name}"
doctrine/infrastructure/specifics/transfer_tables.md	840	core_service	AMBIG	low	codebase? or KEEP?	This is the **envinfra** tag block. It is one of three tag blocks (preinfra, projinfra, envinfra) that together form the doctrine-wide tagging standar
doctrine/infrastructure/specifics/transfer_tables.md	843	process type	SVC	high	core service(s)	service process type. For a backing service — and for the per-codebase migration
doctrine/infrastructure/specifics/transfer_tables.md	853	process-type	SVC	high	core service(s)	The project's per-process-type [`resources:` block](../cicl.md#resources) is translated by the compiler into per-foundation resource fields. The trans
doctrine/infrastructure/specifics/transfer_tables.md	853	core services	AMBIG	low	codebase? or KEEP?	The project's per-process-type [`resources:` block](../cicl.md#resources) is translated by the compiler into per-foundation resource fields. The trans
doctrine/infrastructure/specifics/transfer_tables.md	857	process type	SVC	high	core service(s)	For each core service process type, the compiler emits:
doctrine/infrastructure/specifics/transfer_tables.md	857	core service	KEEP	high	(unchanged)	For each core service process type, the compiler emits:
doctrine/infrastructure/specifics/transfer_tables.md	888	process type	SVC	high	core service(s)	For each core service process type, the compiler computes the Fargate task definition's `cpu` and `memory` in two steps:
doctrine/infrastructure/specifics/transfer_tables.md	888	core service	KEEP	high	(unchanged)	For each core service process type, the compiler computes the Fargate task definition's `cpu` and `memory` in two steps:
doctrine/infrastructure/specifics/transfer_tables.md	890	process types	SVC	high	core service(s)	1. **Compute the desired `(cpu, memory)`** by summing the service's `resources:` block and any doctrine-fixed sidecar overhead (currently the OTel sid
doctrine/infrastructure/specifics/transfer_tables.md	904	process types	SVC	high	core service(s)	**Tier rounding is uniform across all core service process types**, not just those where a sidecar pushes a boundary. A project declaring `cpu: 1.5, m
doctrine/infrastructure/specifics/transfer_tables.md	904	core service	KEEP	high	(unchanged)	**Tier rounding is uniform across all core service process types**, not just those where a sidecar pushes a boundary. A project declaring `cpu: 1.5, m
doctrine/infrastructure/specifics/transfer_tables.md	906	process type	SVC	high	core service(s)	The overhead is paid once **per task definition**, i.e. once per process type, so a codebase with three process types pays it three times and each rou
doctrine/infrastructure/specifics/transfer_tables.md	906	process types	SVC	high	core service(s)	The overhead is paid once **per task definition**, i.e. once per process type, so a codebase with three process types pays it three times and each rou
doctrine/infrastructure/specifics/transfer_tables.md	916	core service	AMBIG	low	codebase? or KEEP?	`resources.cpu` and `resources.memory` have no defaults — they are required by CICL on every core service. `resources.disk` is optional with these fou
doctrine/infrastructure/telemetry.md	33	core service	AMBIG	low	codebase? or KEEP?	When it comes to telemetry, *what gets reported* is a design concern and *how it gets there* is a deterministic `docex` concern. It is the project dev
doctrine/infrastructure/telemetry.md	78	Core Services	AMBIG	low	codebase? or KEEP?	*Core Services -> Collector Sidecars -> Observability Backend*
doctrine/infrastructure/telemetry.md	80	Core Services	AMBIG	low	codebase? or KEEP?	#### Within Core Services
doctrine/infrastructure/telemetry.md	81	core service	KEEP	high	(unchanged)	Application code runs in core service containers. Each container's code is given the OTel SDK for whatever language it is written in. The SDK should b
doctrine/infrastructure/telemetry.md	84	process type	SVC	high	core service(s)	The telemetry signals hit the OTel Collector sidecar. This sidecar is a dedicated container running `otelcol`; there is one per *emitted* core service
doctrine/infrastructure/telemetry.md	84	process-types	SVC	high	core service(s)	The telemetry signals hit the OTel Collector sidecar. This sidecar is a dedicated container running `otelcol`; there is one per *emitted* core service
doctrine/infrastructure/telemetry.md	84	process types	SVC	high	core service(s)	The telemetry signals hit the OTel Collector sidecar. This sidecar is a dedicated container running `otelcol`; there is one per *emitted* core service
doctrine/infrastructure/telemetry.md	84	core service	KEEP	high	(unchanged)	The telemetry signals hit the OTel Collector sidecar. This sidecar is a dedicated container running `otelcol`; there is one per *emitted* core service
doctrine/infrastructure/telemetry.md	113	core service	AMBIG	low	codebase? or KEEP?	A handful of environmental variables are injected into each core service to aid the OTel SDKs:
doctrine/infrastructure/telemetry.md	114	process type	SVC	high	core service(s)	1. OTEL_SERVICE_NAME - The process type's two-segment compiled identity, `<core_service>-<process>` (e.g. `api-web`). OTel SDK will automatically incl
doctrine/infrastructure/telemetry.md	114	process type	SVC	high	core service(s)	1. OTEL_SERVICE_NAME - The process type's two-segment compiled identity, `<core_service>-<process>` (e.g. `api-web`). OTel SDK will automatically incl
doctrine/infrastructure/telemetry.md	114	core_service	CB	high	codebase	1. OTEL_SERVICE_NAME - The process type's two-segment compiled identity, `<core_service>-<process>` (e.g. `api-web`). OTel SDK will automatically incl
doctrine/infrastructure/telemetry.md	117	process_type	SVC	high	core service(s)	4. OTEL_RESOURCE_ATTRIBUTES - Additional attributes the SDK will automatically set. `docex` will use: `service.namespace=${project_name},service.versi
doctrine/infrastructure/telemetry.md	117	process_type	SVC	high	core service(s)	4. OTEL_RESOURCE_ATTRIBUTES - Additional attributes the SDK will automatically set. `docex` will use: `service.namespace=${project_name},service.versi
doctrine/infrastructure/telemetry.md	117	core_service	CB	high	codebase	4. OTEL_RESOURCE_ATTRIBUTES - Additional attributes the SDK will automatically set. `docex` will use: `service.namespace=${project_name},service.versi
doctrine/infrastructure/telemetry.md	117	core_service	CB	high	codebase	4. OTEL_RESOURCE_ATTRIBUTES - Additional attributes the SDK will automatically set. `docex` will use: `service.namespace=${project_name},service.versi
doctrine/infrastructure/tests.md	11	core service	KEEP	high	(unchanged)	Service tests describe all unit tests and integration tests which cover a single core service container. When we perform tests in the `test` environme
doctrine/infrastructure/tests.md	13	core service	AMBIG	low	codebase? or KEEP?	These tests test the code itself - that functions behave correctly, modules within a service can communicate, etc. They *don't* test inter-core servic
doctrine/infrastructure/tests.md	13	core service	AMBIG	low	codebase? or KEEP?	These tests test the code itself - that functions behave correctly, modules within a service can communicate, etc. They *don't* test inter-core servic
doctrine/infrastructure/tests.md	15	core service	AMBIG	low	codebase? or KEEP?	Service tests are written in whatever language, and with whatever tooling, is appropriate for the service. A `web` core service written in python woul
doctrine/infrastructure/tests.md	31	core service	AMBIG	low	codebase? or KEEP?	Service-level integration tests (e.g. "flow" tests) verify that the entire core service behaves as expected, often from the "outside" (e.g. by applyin
doctrine/infrastructure/tests.md	38	core service	AMBIG	low	codebase? or KEEP?	Contract tests ensure core service modularity. They check that the boundary of a core service is well-defined, and ensure that consumers of that core 
doctrine/infrastructure/tests.md	38	core service	AMBIG	low	codebase? or KEEP?	Contract tests ensure core service modularity. They check that the boundary of a core service is well-defined, and ensure that consumers of that core 
doctrine/infrastructure/tests.md	38	core service	AMBIG	low	codebase? or KEEP?	Contract tests ensure core service modularity. They check that the boundary of a core service is well-defined, and ensure that consumers of that core 
doctrine/infrastructure/tests.md	38	core services	AMBIG	low	codebase? or KEEP?	Contract tests ensure core service modularity. They check that the boundary of a core service is well-defined, and ensure that consumers of that core 
doctrine/infrastructure/tests.md	38	core services	AMBIG	low	codebase? or KEEP?	Contract tests ensure core service modularity. They check that the boundary of a core service is well-defined, and ensure that consumers of that core 
doctrine/infrastructure/tests.md	44	core services	AMBIG	low	codebase? or KEEP?	This doctrine requires provider-side contract tests for core services with defined contracts, and encourages consumer-side contract tests for larger p
doctrine/infrastructure/tests.md	44	core services	AMBIG	low	codebase? or KEEP?	This doctrine requires provider-side contract tests for core services with defined contracts, and encourages consumer-side contract tests for larger p
doctrine/infrastructure/tests.md	60	core service	KEEP	high	(unchanged)	The consumer side is *especially* tricky because it can require spinning up a separate container. If this is done, it should be done as a subcontainer
doctrine/infrastructure/tests.md	67	process type	SVC	high	core service(s)	+ Liveness Checks - Each `web`-network process type responds to its own `GET /health` at its own hostname. Process types that are not on `web` are not
doctrine/infrastructure/tests.md	67	Process types	SVC	high	core service(s)	+ Liveness Checks - Each `web`-network process type responds to its own `GET /health` at its own hostname. Process types that are not on `web` are not
doctrine/infrastructure/tests.md	67	process type	SVC	high	core service(s)	+ Liveness Checks - Each `web`-network process type responds to its own `GET /health` at its own hostname. Process types that are not on `web` are not
doctrine/infrastructure/tests.md	67	process types	SVC	high	core service(s)	+ Liveness Checks - Each `web`-network process type responds to its own `GET /health` at its own hostname. Process types that are not on `web` are not
doctrine/infrastructure/version_control.md	28	core service	CB	high	codebase	There is only one release per version number, and only one [formal build image](./infrastructure.md#cicd-pipeline) per core service and version number
doctrine/lexicon.md	17	core services	AMBIG	low	codebase? or KEEP?	| Service |  | Refers to both "core services" and "backing services". |
doctrine/lexicon.md	18	process types	SVC	high	core service(s)	| Core Service | "application service" | A codebase of project-unique code and the single build artifact produced from it. One source folder, one imag
doctrine/lexicon.md	18	Core Service	CB	high	codebase	| Core Service | "application service" | A codebase of project-unique code and the single build artifact produced from it. One source folder, one imag
doctrine/lexicon.md	20	Process Type	SVC	high	core service(s)	| Process Type |  | A named, independently-scaled way of invoking a core service's build artifact — its own role, command, resources, networks, and po
doctrine/lexicon.md	20	core service	CB	high	codebase	| Process Type |  | A named, independently-scaled way of invoking a core service's build artifact — its own role, command, resources, networks, and po
doctrine/lexicon.md	20	core service	CB	high	codebase	| Process Type |  | A named, independently-scaled way of invoking a core service's build artifact — its own role, command, resources, networks, and po
doctrine/lexicon.md	21	process type	SVC	high	core service(s)	| Entrypoint |  | The *code module* a process type's `command` invokes. Binds the composition root's driving adapters to a runtime host. Not an infras
doctrine/lexicon.md	22	core service	CB	high	codebase	| Codebase |  | The bundle of source code that makes up a core service. One codebase never imports code from another. |
doctrine/practices/advance.md	46	core service	AMBIG	low	codebase? or KEEP?	1. **Mod: scaffold `frontend` core service.** `corporal`.
doctrine/practices/advance.md	92	core service	AMBIG	low	codebase? or KEEP?	2. Mod scoping is tricky. Try to bundle changes which share *territory*; a series of changes to one module or even one core service often should be co
doctrine/practices/databases.md	13	core service	CB	high	codebase	The choice of migration tool is left to the project. What the doctrine fixes is the *interface*, not the tool: every schema-owning core service expose
doctrine/practices/docs.md	59	core services	AMBIG	low	codebase? or KEEP?	1. **Service Documentation Folders** - Folders that represent core services (like backend, frontend, etc.). These are services at the infra level e.g.
doctrine/practices/docs.md	80	Core Services	AMBIG	low	codebase? or KEEP?	4. Core Services - All core services with hexagonal architecture should document:
doctrine/practices/docs.md	80	core services	AMBIG	low	codebase? or KEEP?	4. Core Services - All core services with hexagonal architecture should document:
doctrine/practices/docs.md	87	core services	AMBIG	low	codebase? or KEEP?	For example, take a project with the objective "Generate text-based scripts from videos of talkshows". It has a `frontend` and `backend` core services
doctrine/practices/inception.md	58	core service	AMBIG	low	codebase? or KEEP?	The design phase should "fill out" the [core planning docs](./docs.md#core-planning-documents). Each core service should be given a folder in `$pr/pla
doctrine/practices/inception.md	58	Core services	AMBIG	low	codebase? or KEEP?	The design phase should "fill out" the [core planning docs](./docs.md#core-planning-documents). Each core service should be given a folder in `$pr/pla
doctrine/practices/inception.md	58	Core services	AMBIG	low	codebase? or KEEP?	The design phase should "fill out" the [core planning docs](./docs.md#core-planning-documents). Each core service should be given a folder in `$pr/pla
doctrine/practices/inception.md	68	core service	AMBIG	low	codebase? or KEEP?	5. Create the core service folders in `$pr/core` and the infrastructural concerns within each:
doctrine/practices/inception.md	70	core services	AMBIG	low	codebase? or KEEP?	+ These don't need to be perfect. At this stage, we only know what the core services are and probably what language they'll be in. These must exist to
doctrine/practices/inception.md	75	core service	CB	high	codebase	4. If this core service owns the schema for a relational database, also create `migrate.sh` and the `migrations` folder.
doctrine/practices/inception.md	95	core service	CB	high	codebase	1. Write the contents of `build.sh` and `test.sh` for the first time for each core service.
doctrine/practices/inception.md	96	core service	CB	high	codebase	2. Adjust each core service's Dockerfile for the specifics of the service it will be running.
doctrine/practices/inception.md	97	Core services	CB	high	codebase	3. Core services which [own the schema](../infrastructure/cicl.md#the-cicl-format) for a relational database will need to write the initial migration 
doctrine/practices/inception.md	98	core services	AMBIG	low	codebase? or KEEP?	4. Write the first drafts of [contracts](../infrastructure/contracts.md) for "provider" core services.
doctrine/practices/logging.md	7	core service	KEEP	high	(unchanged)	This file covers logging practices for within a core service container.
doctrine/practices/modifications.md	29	core service	AMBIG	low	codebase? or KEEP?	2. *DO* include instructions to update any core service [contracts](../infrastructure/infrastructure.md#contracts) that will need to change for the mo
engineer/post_op_doctrine_checklist.md	8	core services	AMBIG	low	codebase? or KEEP?	2. Provider-type core services publish a contract.
engineer/scratch.md	2	core_services:	KEY_TOP	high	codebases:	core_services:
engineer/scratch.md	19	core_services:	KEY_TOP	high	codebases:	core_services:
engineer/scratch.md	22	core service	AMBIG	low	codebase? or KEEP?	# the "engine" is the core service
engineer/scratch.md	39	core services	AMBIG	low	codebase? or KEEP?	1. Let's not forget to check for places where core services are referred to as nouns and make sure the language surrounding them still makes sense wit
engineer/scratch.md	40	process-types	SVC	high	core service(s)	2. All mention of contract must be checked; they apply to core service process-types, now.
engineer/scratch.md	40	core service	KEEP	high	(unchanged)	2. All mention of contract must be checked; they apply to core service process-types, now.
skill_iter/eval/outcome/configurable-vars/evals.json	6	core service	IDENT	high	codebase	"prompt": "I'm working on a project that follows a strict in-house engineering doctrine, driven by a `docex` CLI (invoked as `./bin/docex`). I just cl
skill_iter/eval/outcome/contracts/evals.json	6	core services	IDENT	high	codebases	"prompt": "I'm building a project that follows a strict in-house engineering doctrine. It has two core services: `web` — an HTTP REST API that accepts
skill_iter/eval/outcome/inception/evals.json	6	core services	IDENT	high	codebases	"prompt": "I'm starting a brand-new project that follows a strict in-house engineering doctrine. All I have right now is a finished masterplan.md desc
skill_iter/eval/outcome/infra-compile/evals.json	6	core service	IDENT	high	codebase	"prompt": "I have a project that follows a strict in-house engineering doctrine, with a single source-of-truth infrastructure file and a custom compil
skill_iter/eval/outcome/projinfra-setup/evals.json	7	core service	IDENT	high	codebase	"expected_output": "The full elastic production-side project-tier resource set: the OpenTofu state backend (S3 bucket + DynamoDB lock table), a Route5
skill_iter/eval/outcome/telemetry-design/evals.json	6	core service	IDENT	high	codebase	"prompt": "I'm building a project under a strict in-house engineering doctrine. It has a single core service called `web` — a Python HTTP API. I want 
skill_iter/eval/outcome/telemetry-design/evals.json	10	core service	IDENT	high	codebase	"DELTA DRIVER (doctrine-specific, not inferable): signals do not go directly to the backend — each core service gets its OWN paired OTel Collector sid
skill_iter/eval/outcome/telemetry-design/evals.json	10	core service	IDENT	high	codebase	"DELTA DRIVER (doctrine-specific, not inferable): signals do not go directly to the backend — each core service gets its OWN paired OTel Collector sid
skill_iter/eval/outcome/testing/evals.json	6	core services	IDENT	high	codebases	"prompt": "I'm building a project under a strict in-house engineering doctrine. There are two core services: `web` (a Python HTTP REST API that is the
skill_iter/eval/outcome/testing/evals.json	7	core service	IDENT	high	codebase	"expected_output": "A taxonomy split into service tests (unit/integration/contract, run in the `test` env, each service's own test.sh, invoked during 
skill_iter/eval/outcome/testing/evals.json	10	core service	IDENT	high	codebase	"DELTA DRIVER (doctrine-specific, not inferable): staging tests are project-wide (not per-service) and run from a dedicated stage-tester image built f
skill_iter/eval/outcome/testing/evals.json	12	core service	IDENT	high	codebase	"DELTA DRIVER (doctrine-specific, not inferable): the per-service shim is named test.sh, lives at each core service root, and its sole contract is to 
skill_iter/eval/queries.json	70	core service	IDENT	high	codebase	"query": "what's the correct way to declare a new core service in infra.yml with its resources, networks, and depends_on?",
skill_iter/eval/queries.json	140	core service	IDENT	high	codebase	"query": "what kinds of tests am i supposed to write for a core service, and which run in the test env vs against staging?",
skills/browser-investigate/SKILL.md	83	domain_default_process	KEY_FIELD	high	domain_default_service	(`apex_domain`, and `domain_default_process`), per the doctrine domain rules:
skills/browser-investigate/SKILL.md	85	process type	SVC	high	core service(s)	- Per process type on the `web` network:
skills/browser-investigate/SKILL.md	89	domain_default_process	KEY_FIELD	high	domain_default_service	- The `domain_default_process` also answers at the bare-env host:
skills/contracts/SKILL.md	10	process type	SVC	high	core service(s)	Contracts define the boundary of a provider core service *process type*; a single file covers the formats, the mandatory endpoints, and how CI uses th
skills/contracts/SKILL.md	10	core service	AMBIG	low	codebase? or KEEP?	Contracts define the boundary of a provider core service *process type*; a single file covers the formats, the mandatory endpoints, and how CI uses th
skills/contracts/SKILL.md	16	process type	SVC	high	core service(s)	[`contracts.md`](../../doctrine/infrastructure/contracts.md) — contract formats (OpenAPI for HTTP, AsyncAPI for queues), where they live, the mandator
skills/infra-compile/SKILL.md	26	process type	SVC	high	core service(s)	[`networks.md`](../../doctrine/infrastructure/specifics/networks.md) — how a process type's `networks:` list becomes docker attachment (fixed) or secu
skills/infra-compile/SKILL.md	28	process type	SVC	high	core service(s)	[`scheduler.md`](../../doctrine/infrastructure/specifics/scheduler.md) — the `scheduler` role: 5-field cron authoring, per-foundation translation (Ofe
skills/project-cohere/SKILL.md	63	core service	AMBIG	low	codebase? or KEEP?	+ A core service - deserves dedicated folder and architecture docs.
skills/project-cohere/SKILL.md	101	core services	CB	high	codebase	In order to perform a proper cohering sweep of the codebase, most of the codebase must be loaded into context. For large codebases, this can *certainl
skills/project-cohere/executor/chunk_map.py	19	core services	IDENT	high	codebases	- one or more whole core services       (packed together up to the budget)
skills/testing/SKILL.md	3	core service	CB	high	codebase	description: Doctrine for a project's test taxonomy and harness — which tier a test belongs to (service-level unit / integration / contract, where int
